K_SETTLED,HFA,ELO_TO_GOAL_RATIO,REGRESSION_FACTOR,MOV_C1,MOV_C2,USE_ADJ_RATES,brier
30,50,75,0.8,0.001,3.0,True,0.5754519248417114
30,50,75,0.8,0.0005,3.0,True,0.5754528184529409
30,50,75,0.8,0.002,3.0,True,0.5754549745101604
30,50,75,0.8,0.002,2.2,True,0.5754820412336898
30,50,75,0.8,0.001,2.2,True,0.5755953647465237
30,50,75,0.8,0.0005,2.2,True,0.5756618668267381
25,50,75,0.8,0.002,2.2,True,0.5756951449176471
25,50,75,0.8,0.001,2.2,True,0.5757806425010696
30,50,75,0.8,0.002,2.2,False,0.5757846281764706
30,50,75,0.8,0.001,2.2,False,0.575830328102139
25,50,75,0.8,0.0005,2.2,True,0.5758316825983953
25,50,75,0.8,0.0005,3.0,True,0.5758525672385029
25,50,75,0.8,0.001,3.0,True,0.5758580363764705
30,50,75,0.8,0.0005,2.2,False,0.5758621614294116
25,50,75,0.8,0.002,3.0,True,0.5758735026176469
20,50,75,0.8,0.002,2.2,True,0.5760504345406415
20,50,75,0.8,0.001,2.2,True,0.5761126908668451
30,40,75,0.8,0.002,2.2,False,0.5761156763951873
20,50,75,0.8,0.0005,2.2,True,0.5761513543042779
30,40,75,0.8,0.001,2.2,False,0.5761690368401069
30,40,75,0.8,0.002,3.0,True,0.576181476533155
30,40,75,0.8,0.001,3.0,True,0.5761848845090907
30,40,75,0.8,0.0005,3.0,True,0.576188916797326
30,40,75,0.8,0.0005,2.2,False,0.5762022890427805
25,50,75,0.8,0.002,2.2,False,0.5762472217941178
25,50,75,0.8,0.001,2.2,False,0.5762658481582887
25,50,75,0.8,0.0005,2.2,False,0.5762838697326206
30,40,75,0.8,0.002,2.2,True,0.5762948522775403
30,50,75,0.7,0.001,3.0,True,0.5763622078860959
30,50,75,0.7,0.0005,3.0,True,0.5763630822561494
30,50,75,0.7,0.002,3.0,True,0.5763642659395722
20,50,75,0.8,0.0005,3.0,True,0.576367397372727
20,50,75,0.8,0.001,3.0,True,0.576376343457754
20,50,75,0.8,0.002,3.0,True,0.5763964726358286
30,40,75,0.8,0.001,2.2,True,0.5764039164903744
30,50,75,0.7,0.002,2.2,True,0.5764145824561494
30,40,75,0.8,0.0005,2.2,True,0.576466320715508
25,40,75,0.8,0.002,2.2,True,0.5764785102176473
30,50,75,0.7,0.001,2.2,True,0.5765228620149734
25,40,75,0.8,0.002,2.2,False,0.5765391046010698
25,40,75,0.8,0.001,2.2,True,0.5765615431914441
30,50,75,0.8,0.002,1.5,False,0.5765647326572195
25,40,75,0.8,0.001,2.2,False,0.5765666379454544
25,40,75,0.8,0.0005,3.0,True,0.5765706278711232
25,40,75,0.8,0.001,3.0,True,0.5765722628112304
25,40,75,0.8,0.002,3.0,True,0.5765793804550802
30,50,75,0.7,0.0005,2.2,True,0.5765855113550801
25,50,75,0.8,0.002,1.5,False,0.5765867862112299
25,40,75,0.8,0.0005,2.2,False,0.5765874780572193
25,40,75,0.8,0.0005,2.2,True,0.5766105712946528
25,50,75,0.7,0.002,2.2,True,0.5766156751641711
30,50,100,0.8,0.002,1.5,False,0.5766631170064171
30,50,75,0.8,0.0005,3.0,False,0.5766861162636364
25,50,75,0.7,0.001,2.2,True,0.5766971854171123
30,50,75,0.8,0.001,3.0,False,0.5767136549037435
30,50,100,0.8,0.001,1.5,False,0.5767349085983957
25,50,75,0.7,0.0005,3.0,True,0.5767372911122997
25,50,75,0.7,0.001,3.0,True,0.5767419274994652
25,50,75,0.7,0.0005,2.2,True,0.5767468057614973
25,50,75,0.7,0.002,3.0,True,0.576756351089305
30,50,75,0.8,0.002,3.0,False,0.5767720949647055
30,50,100,0.8,0.0005,1.5,False,0.5767871149058821
20,40,75,0.8,0.002,2.2,True,0.5768032468604282
30,50,75,0.7,0.002,2.2,False,0.5768280535647059
30,50,100,0.8,0.001,2.2,True,0.5768313961304816
30,50,100,0.8,0.0005,2.2,True,0.5768336169272728
30,50,100,0.8,0.002,2.2,True,0.5768347738299465
20,50,75,0.8,0.002,1.5,False,0.576841024299465
20,40,75,0.8,0.001,2.2,True,0.5768652514941178
30,50,75,0.7,0.001,2.2,False,0.5768677787459892
20,50,75,0.8,0.001,2.2,False,0.5768873867839569
20,50,75,0.8,0.002,2.2,False,0.5768914368518716
20,50,75,0.8,0.0005,2.2,False,0.5768934005807487
30,50,75,0.7,0.0005,2.2,False,0.5768962449839569
20,40,75,0.8,0.0005,2.2,True,0.5769034850732621
25,50,75,0.8,0.001,1.5,False,0.5769129328299463
30,40,75,0.8,0.0005,3.0,False,0.5769374960139037
30,50,75,0.8,0.001,1.5,False,0.5769468363534757
20,50,75,0.7,0.002,2.2,True,0.576951961402674
30,40,75,0.8,0.001,3.0,False,0.5769582017342245
30,40,75,0.8,0.002,3.0,False,0.5770016658513373
30,50,100,0.8,0.002,1.5,True,0.577005792362032
20,50,75,0.7,0.001,2.2,True,0.577010942842246
25,50,100,0.8,0.002,1.5,False,0.5770142726770053
20,50,75,0.7,0.0005,2.2,True,0.5770475012882351
25,50,100,0.8,0.001,1.5,False,0.5770519697513368
25,40,75,0.8,0.002,1.5,False,0.5770694080732622
20,40,75,0.8,0.0005,3.0,True,0.577070142437433
20,40,75,0.8,0.001,3.0,True,0.577075683753476
30,40,75,0.8,0.002,1.5,False,0.5770772485524064
25,50,100,0.8,0.0005,1.5,False,0.577085839226738
20,40,75,0.8,0.002,3.0,True,0.577091103103743
30,40,75,0.7,0.002,3.0,True,0.5770973894652411
30,40,75,0.7,0.001,3.0,True,0.5771017349668451
30,40,75,0.7,0.0005,3.0,True,0.5771058271016042
25,50,75,0.8,0.0005,1.5,False,0.577110543133155
20,50,75,0.8,0.001,1.5,False,0.5771128554165774
25,50,100,0.8,0.002,1.5,True,0.5771329098625668
20,40,75,0.8,0.002,2.2,False,0.5771424267877006
20,40,75,0.8,0.001,2.2,False,0.5771503915074866
25,50,75,0.8,0.002,1.5,True,0.5771515035074869
20,50,75,0.8,0.002,1.5,True,0.5771583310224598
20,40,75,0.8,0.0005,2.2,False,0.5771607554834225
30,40,75,0.7,0.002,2.2,False,0.5771634869903738
30,50,75,0.8,0.0005,1.5,False,0.5771743415823529
30,50,100,0.8,0.001,1.5,True,0.5771783931299465
25,50,100,0.8,0.0005,2.2,True,0.577186698809091
25,50,100,0.8,0.001,2.2,True,0.5771925136930482
30,40,75,0.7,0.001,2.2,False,0.5772092620160428
25,50,100,0.8,0.002,2.2,True,0.5772104351748665
20,50,75,0.7,0.0005,3.0,True,0.5772175123855613
20,50,75,0.7,0.001,3.0,True,0.5772257476823528
30,40,75,0.7,0.002,2.2,True,0.5772356924754009
30,40,75,0.7,0.0005,2.2,False,0.5772390129855615
20,50,75,0.7,0.002,3.0,True,0.5772442122860963
25,50,100,0.8,0.001,1.5,True,0.5772686554171125
25,50,75,0.7,0.002,2.2,False,0.5772751962577544
20,40,75,0.8,0.002,1.5,False,0.5772782445625667
20,50,75,0.8,0.0005,1.5,False,0.5772824928962564
30,50,100,0.8,0.0005,1.5,True,0.5772826100577542
25,50,75,0.7,0.001,2.2,False,0.5772898460684495
25,50,75,0.7,0.0005,2.2,False,0.5773050071117649
30,50,75,0.8,0.002,1.5,True,0.5773250098176473
30,40,75,0.7,0.001,2.2,True,0.5773382992802139
25,50,75,0.8,0.0005,3.0,False,0.5773534919882352
25,50,100,0.8,0.0005,1.5,True,0.5773545329561497
25,40,75,0.8,0.001,1.5,False,0.5773741985684494
25,50,75,0.8,0.001,3.0,False,0.577387557081818
30,40,75,0.7,0.0005,2.2,True,0.577397961992513
20,50,100,0.8,0.002,1.5,True,0.5774010635930483
25,40,75,0.7,0.002,2.2,True,0.5774082965122994
30,40,75,0.8,0.001,1.5,False,0.5774487838540107
25,50,75,0.8,0.002,3.0,False,0.577457128145989
25,40,75,0.7,0.0005,3.0,True,0.5774623568866307
25,40,75,0.7,0.001,3.0,True,0.5774638859620322
25,40,75,0.7,0.002,3.0,True,0.5774684512508025
25,40,75,0.7,0.001,2.2,True,0.5774870810914439
20,50,75,0.8,0.001,1.5,True,0.5774973468481284
20,50,100,0.8,0.001,1.5,True,0.57750551793262
30,30,75,0.8,0.002,2.2,False,0.5775154511764704
30,50,100,0.8,0.0005,3.0,True,0.5775195590272723
20,40,75,0.8,0.001,1.5,False,0.5775280977673798
25,40,75,0.7,0.0005,2.2,True,0.5775338459540108
25,50,75,0.8,0.001,1.5,True,0.5775432903165774
30,50,100,0.8,0.001,3.0,True,0.5775433453695189
20,50,100,0.8,0.002,1.5,False,0.57754828332246
20,50,100,0.8,0.001,1.5,False,0.5775542905245991
25,40,75,0.8,0.0005,1.5,False,0.5775651100390371
30,30,75,0.8,0.001,2.2,False,0.5775664426294119
30,50,75,0.7,0.002,1.5,False,0.5775670135828878
30,50,100,0.8,0.0005,2.2,False,0.5775676538368983
20,50,100,0.8,0.0005,1.5,False,0.5775719559427807
25,40,75,0.7,0.002,2.2,False,0.577573138486631
20,50,100,0.8,0.0005,1.5,True,0.5775738192540105
25,40,75,0.8,0.0005,3.0,False,0.5775811364224595
30,50,100,0.8,0.002,3.0,True,0.5775923654679145
25,40,75,0.7,0.001,2.2,False,0.5775954448770052
25,50,75,0.7,0.002,1.5,False,0.5775976631973258
30,30,75,0.8,0.0005,2.2,False,0.5776006405283421
30,50,100,0.8,0.001,2.2,False,0.5776058028000001
25,40,75,0.8,0.001,3.0,False,0.5776060555684496
25,40,75,0.7,0.0005,2.2,False,0.57761313787861
20,50,100,0.8,0.0005,2.2,True,0.5776535319080212
25,40,75,0.8,0.002,3.0,False,0.5776593073727275
20,50,100,0.8,0.001,2.2,True,0.5776644066475939
30,40,75,0.8,0.0005,1.5,False,0.577674416874332
30,50,100,0.8,0.002,2.2,False,0.577686299720856
20,40,75,0.8,0.0005,1.5,False,0.5776866031588234
20,50,100,0.8,0.002,2.2,True,0.5776937904727273
30,50,100,0.7,0.002,1.5,False,0.5776952172112301
20,50,75,0.8,0.0005,1.5,True,0.5776988734342244
20,40,75,0.7,0.002,2.2,True,0.577711236698396
30,50,75,0.7,0.0005,3.0,False,0.5777140570684491
30,50,100,0.7,0.001,2.2,True,0.5777211905855616
30,50,100,0.7,0.002,2.2,True,0.5777218064064172
30,50,100,0.7,0.0005,2.2,True,0.5777243582278077
30,50,75,0.7,0.001,3.0,False,0.5777411697283426
30,50,100,0.7,0.001,1.5,False,0.5777588975433153
20,40,75,0.7,0.001,2.2,True,0.5777713414304813
30,50,75,0.8,0.001,1.5,True,0.5777726182454547
25,50,75,0.8,0.0005,1.5,True,0.5777737562994655
30,50,75,0.7,0.002,3.0,False,0.5777998873320854
30,40,100,0.8,0.002,1.5,False,0.5778050439754011
30,50,100,0.7,0.0005,1.5,False,0.5778050856850262
20,40,75,0.7,0.0005,2.2,True,0.5778082736149732
30,30,75,0.8,0.002,3.0,True,0.5778117546042779
30,30,75,0.8,0.001,3.0,True,0.577815562680214
30,30,75,0.8,0.0005,3.0,True,0.5778185737240642
20,50,75,0.7,0.002,1.5,False,0.5778457681481279
30,40,100,0.8,0.001,1.5,False,0.5778721417716578
20,50,75,0.7,0.001,2.2,False,0.5778886491754008
20,50,75,0.7,0.0005,2.2,False,0.5778918298631014
20,50,75,0.7,0.002,2.2,False,0.577897022092513
25,50,75,0.7,0.001,1.5,False,0.5779015428641712
25,30,75,0.8,0.002,2.2,False,0.5779078180288775
30,50,75,0.7,0.001,1.5,False,0.5779237426764707
30,40,100,0.8,0.0005,1.5,False,0.5779242232989308
30,50,100,0.7,0.002,1.5,True,0.5779248701860961
20,40,75,0.7,0.0005,3.0,True,0.5779281451855617
20,40,75,0.7,0.001,3.0,True,0.5779338351171126
25,30,75,0.8,0.001,2.2,False,0.5779344661160427
20,40,75,0.7,0.002,3.0,True,0.5779462110636363
25,30,75,0.8,0.0005,2.2,False,0.577954571918182
30,40,75,0.7,0.0005,3.0,False,0.5779692768171124
30,30,75,0.8,0.002,2.2,True,0.5779870251155081
30,40,75,0.7,0.001,3.0,False,0.5779895419171124
25,50,100,0.8,0.0005,3.0,True,0.5779969720598932
25,50,100,0.8,0.001,3.0,True,0.5780230488326206
30,40,75,0.7,0.002,3.0,False,0.5780315515951873
30,50,75,0.8,0.0005,1.5,True,0.5780327239973266
25,50,100,0.7,0.002,1.5,False,0.5780349585486633
25,50,100,0.7,0.002,1.5,True,0.5780445614262032
25,50,100,0.7,0.0005,2.2,True,0.5780546946566844
25,50,100,0.7,0.001,2.2,True,0.5780588700636361
25,50,75,0.7,0.002,1.5,True,0.5780661494791443
25,50,100,0.7,0.001,1.5,False,0.578066664922995
20,50,75,0.7,0.002,1.5,True,0.5780710715326203
20,40,75,0.8,0.002,1.5,True,0.5780718986657754
25,50,100,0.7,0.002,2.2,True,0.5780721172973263
25,50,100,0.8,0.002,3.0,True,0.5780769891609626
30,30,75,0.8,0.001,2.2,True,0.5780850330684493
25,50,75,0.7,0.0005,1.5,False,0.5780861536898397
30,50,100,0.7,0.001,1.5,True,0.578089887971658
25,40,75,0.8,0.002,1.5,True,0.5780909972743318
25,50,100,0.7,0.0005,1.5,False,0.578096095493583
20,50,75,0.7,0.001,1.5,False,0.5781004972967912
25,40,75,0.7,0.002,1.5,False,0.5781051627631013
30,40,75,0.7,0.002,1.5,False,0.5781171066796792
30,40,100,0.8,0.001,2.2,True,0.5781342688684492
30,40,100,0.8,0.0005,2.2,True,0.5781352044165781
30,50,75,0.7,0.0005,1.5,False,0.5781365016508018
30,40,100,0.8,0.002,2.2,True,0.5781384241112297
30,30,75,0.8,0.0005,2.2,True,0.5781428371048127
25,40,100,0.8,0.002,1.5,False,0.5781445855390369
20,40,75,0.7,0.002,2.2,False,0.5781506155919782
25,30,75,0.8,0.002,2.2,True,0.5781506341486631
20,40,75,0.7,0.001,2.2,False,0.5781561805962567
20,40,75,0.7,0.0005,2.2,False,0.5781640999042783
20,50,75,0.8,0.0005,3.0,False,0.5781666751064171
25,40,100,0.8,0.001,1.5,False,0.5781701384155082
25,50,100,0.8,0.0005,2.2,False,0.5781746658171129
25,50,100,0.7,0.001,1.5,True,0.5781752532673797
25,30,75,0.8,0.0005,3.0,True,0.5781857128288768
25,30,75,0.8,0.001,3.0,True,0.5781866010470589
30,50,100,0.7,0.0005,1.5,True,0.5781890812005345
25,30,75,0.8,0.002,3.0,True,0.5781913996716579
25,40,100,0.8,0.0005,1.5,False,0.5782010394385027
20,50,75,0.8,0.001,3.0,False,0.5782023414422455
25,50,100,0.8,0.001,2.2,False,0.5782186061636362
25,30,75,0.8,0.001,2.2,True,0.5782228880080216
30,50,75,0.7,0.002,1.5,True,0.578228162800535
25,50,100,0.7,0.0005,1.5,True,0.5782571473368985
20,50,75,0.7,0.0005,1.5,False,0.5782582541711232
25,30,75,0.8,0.0005,2.2,True,0.5782666128117646
30,30,75,0.8,0.0005,3.0,False,0.5782722360320857
20,50,75,0.8,0.002,3.0,False,0.5782755836299464
30,40,75,0.8,0.002,1.5,True,0.578278813439572
20,40,75,0.7,0.002,1.5,False,0.5782878314951869
30,30,75,0.8,0.001,3.0,False,0.5782887120620319
20,50,100,0.7,0.002,1.5,True,0.5782951103759356
25,50,100,0.8,0.002,2.2,False,0.5783126532342246
30,30,75,0.8,0.002,3.0,False,0.578324292597326
30,50,100,0.7,0.0005,3.0,True,0.5783499434331553
25,50,75,0.7,0.0005,3.0,False,0.5783520125566847
30,40,100,0.8,0.002,1.5,True,0.5783644167577539
20,40,75,0.8,0.001,1.5,True,0.5783715693347593
30,50,100,0.7,0.001,3.0,True,0.5783724607133686
20,40,75,0.8,0.0005,3.0,False,0.5783730983005345
30,50,75,0.5,0.002,3.0,True,0.5783765769213901
30,50,75,0.5,0.001,3.0,True,0.5783786597401069
30,50,75,0.5,0.0005,3.0,True,0.5783820694101607
25,40,75,0.7,0.001,1.5,False,0.5783822801582886
25,50,75,0.7,0.001,3.0,False,0.5783848424128343
20,50,75,0.7,0.001,1.5,True,0.5783949510128341
20,50,100,0.7,0.001,1.5,True,0.5783969284187163
20,40,75,0.8,0.001,3.0,False,0.5784017175192513
30,50,100,0.7,0.002,3.0,True,0.57841683334492
30,50,125,0.8,0.002,1.5,True,0.5784200574930481
25,50,75,0.7,0.001,1.5,True,0.578438294674866
30,40,75,0.7,0.001,1.5,False,0.5784456962673797
25,40,75,0.8,0.001,1.5,True,0.5784479562732616
25,50,75,0.7,0.002,3.0,False,0.578452956549198
20,30,75,0.8,0.002,2.2,True,0.5784557469684493
30,50,125,0.8,0.001,1.5,True,0.5784571311133685
20,40,75,0.8,0.002,3.0,False,0.5784596405641715
20,50,100,0.7,0.0005,1.5,True,0.5784626416187164
25,40,100,0.8,0.0005,2.2,True,0.5784750128385028
25,40,100,0.8,0.001,2.2,True,0.5784805855475933
20,30,75,0.8,0.002,2.2,False,0.5784807412422459
30,50,125,0.8,0.0005,1.5,True,0.5784830723262031
20,30,75,0.8,0.001,2.2,False,0.5784866460026737
25,40,100,0.8,0.002,1.5,True,0.5784873812336895
20,50,100,0.7,0.0005,2.2,True,0.5784898435443853
20,30,75,0.8,0.0005,2.2,False,0.5784968101652408
25,40,100,0.8,0.002,2.2,True,0.5784973442909088
20,50,100,0.7,0.001,2.2,True,0.5784994281973259
20,30,75,0.8,0.001,2.2,True,0.5785060269224596
25,30,75,0.8,0.002,1.5,False,0.5785111578909091
30,40,100,0.8,0.001,1.5,True,0.5785189662705885
20,40,75,0.7,0.001,1.5,False,0.5785230024748661
20,50,100,0.7,0.002,2.2,True,0.5785248465754007
20,30,75,0.8,0.0005,2.2,True,0.5785382396663101
30,50,75,0.5,0.002,2.2,True,0.5785438800096258
20,50,100,0.7,0.002,1.5,False,0.5785450771877002
20,50,100,0.7,0.001,1.5,False,0.5785490996032087
25,40,75,0.7,0.0005,1.5,False,0.5785522451828877
20,40,75,0.8,0.0005,1.5,True,0.5785552703625668
20,50,100,0.8,0.0005,3.0,True,0.5785593143791448
20,50,100,0.7,0.0005,1.5,False,0.578564239329412
30,50,100,0.7,0.0005,2.2,False,0.5785752319946527
25,40,75,0.7,0.0005,3.0,False,0.5785842450689841
20,50,100,0.8,0.001,3.0,True,0.578585023254011
30,30,75,0.7,0.002,2.2,False,0.5785862347497327
20,50,75,0.7,0.0005,1.5,True,0.5785869945037431
30,30,75,0.8,0.002,1.5,False,0.5785900890262032
25,40,100,0.8,0.001,1.5,True,0.5786004259524065
25,40,75,0.7,0.001,3.0,False,0.5786077729021393
30,50,100,0.7,0.001,2.2,False,0.5786116288256687
30,40,100,0.8,0.0005,1.5,True,0.5786181286165776
30,30,75,0.7,0.001,2.2,False,0.5786218637839571
20,50,100,0.8,0.002,3.0,True,0.5786388013358291
30,30,75,0.7,0.0005,2.2,False,0.5786470154085562
30,50,75,0.5,0.001,2.2,True,0.5786473129524062
30,40,75,0.7,0.0005,1.5,False,0.5786475008133695
20,40,100,0.8,0.001,1.5,False,0.5786489653545452
30,50,125,0.8,0.0005,1.5,False,0.5786505885433152
30,50,75,0.7,0.001,1.5,True,0.5786529101240644
20,40,100,0.8,0.002,1.5,False,0.5786534761625667
25,50,75,0.7,0.0005,1.5,True,0.5786567740791443
30,40,100,0.8,0.0005,2.2,False,0.5786577541438506
25,40,75,0.7,0.002,3.0,False,0.5786590952614975
20,40,100,0.8,0.0005,1.5,False,0.5786623632823527
25,40,75,0.8,0.0005,1.5,True,0.5786640459443853
20,30,75,0.8,0.0005,3.0,True,0.5786697491946525
20,40,75,0.7,0.0005,1.5,False,0.5786710103203208
20,30,75,0.8,0.002,1.5,False,0.5786723116582887
20,30,75,0.8,0.001,3.0,True,0.5786739689438503
25,50,125,0.8,0.002,1.5,True,0.5786758020165776
25,40,100,0.8,0.0005,1.5,True,0.5786773362470585
25,50,75,0.5,0.0005,3.0,True,0.5786832895342247
30,50,125,0.8,0.001,1.5,False,0.5786844056850269
25,50,75,0.5,0.001,3.0,True,0.5786848094818182
20,30,75,0.8,0.002,3.0,True,0.5786860241245989
25,50,125,0.8,0.001,1.5,True,0.5786888135155083
30,50,100,0.7,0.002,2.2,False,0.5786888919064171
30,40,100,0.8,0.001,2.2,False,0.5786918295208558
25,50,75,0.5,0.002,3.0,True,0.5786922779818181
25,50,75,0.5,0.002,2.2,True,0.5786976589171123
30,40,75,0.8,0.001,1.5,True,0.5787003807406416
25,50,125,0.8,0.0005,1.5,True,0.5787033984855613
30,50,75,0.5,0.0005,2.2,True,0.5787071874909088
30,30,75,0.7,0.002,3.0,True,0.5787389283951874
30,30,75,0.7,0.001,3.0,True,0.5787423561064172
20,40,100,0.8,0.002,1.5,True,0.578742671958289
30,30,75,0.7,0.0005,3.0,True,0.5787453780689836
30,50,125,0.8,0.002,1.5,False,0.5787604296074865
30,40,100,0.8,0.002,2.2,False,0.5787638714240643
25,50,75,0.5,0.001,2.2,True,0.5787777821620321
25,50,100,0.7,0.0005,3.0,True,0.5787941414278074
30,40,100,0.8,0.0005,3.0,True,0.5788003257021389
25,50,100,0.7,0.001,3.0,True,0.578817551917647
30,40,100,0.8,0.001,3.0,True,0.5788214008855616
20,40,100,0.8,0.001,1.5,True,0.5788219808197862
25,50,75,0.5,0.0005,2.2,True,0.5788254816839576
25,30,75,0.8,0.001,1.5,False,0.5788329532331552
30,40,100,0.8,0.002,3.0,True,0.5788642786491981
25,50,100,0.7,0.002,3.0,True,0.5788668228283421
30,40,100,0.7,0.002,1.5,False,0.5788706355834223
20,40,100,0.8,0.0005,1.5,True,0.5788794390909092
25,30,75,0.8,0.0005,3.0,False,0.5788949698967915
30,50,75,0.7,0.0005,1.5,True,0.5788993041411765
30,50,125,0.8,0.0005,2.2,True,0.5789113537962568
30,40,100,0.7,0.001,1.5,False,0.5789153773898393
25,30,75,0.8,0.001,3.0,False,0.5789158378545451
20,50,100,0.8,0.0005,2.2,False,0.5789260593668447
20,40,100,0.8,0.0005,2.2,True,0.5789276252203205
30,50,125,0.8,0.001,2.2,True,0.5789369978497327
20,30,75,0.8,0.001,1.5,False,0.5789371661743314
20,40,100,0.8,0.001,2.2,True,0.5789384185112296
30,40,75,0.8,0.0005,1.5,True,0.5789508095299468
30,40,100,0.7,0.0005,1.5,False,0.5789535735165774
30,30,75,0.7,0.002,2.2,True,0.5789551743529414
25,30,75,0.8,0.002,3.0,False,0.5789585927561498
25,30,75,0.7,0.002,2.2,False,0.578961613020321
20,50,75,0.5,0.002,2.2,True,0.5789618347235296
20,40,100,0.8,0.002,2.2,True,0.5789631541818179
30,30,75,0.8,0.001,1.5,False,0.5789646268048126
20,50,100,0.8,0.001,2.2,False,0.578974514148663
25,30,75,0.7,0.001,2.2,False,0.5789772504983957
30,50,125,0.8,0.002,2.2,True,0.5789902195502675
25,30,75,0.7,0.0005,2.2,False,0.5789917172427805
20,40,75,0.7,0.002,1.5,True,0.5789918358336898
20,50,75,0.5,0.001,2.2,True,0.5790221264711233
25,30,75,0.8,0.0005,1.5,False,0.5790301216
30,40,100,0.7,0.001,2.2,True,0.5790315699352944
30,40,100,0.7,0.0005,2.2,True,0.5790328828144387
30,40,100,0.7,0.002,2.2,True,0.5790332147074864
25,40,75,0.7,0.002,1.5,True,0.5790343720454547
30,30,75,0.7,0.001,2.2,True,0.5790378592748663
20,50,125,0.8,0.001,1.5,True,0.5790401549497326
20,50,125,0.8,0.0005,1.5,True,0.5790437788401068
20,50,125,0.8,0.002,1.5,True,0.5790467553866306
20,50,75,0.5,0.0005,2.2,True,0.5790584369331546
20,50,75,0.5,0.0005,3.0,True,0.5790707480278077
20,50,75,0.5,0.001,3.0,True,0.5790752181144387
20,50,100,0.8,0.002,2.2,False,0.5790759290759364
20,50,75,0.5,0.002,3.0,True,0.5790877229561503
25,30,75,0.7,0.0005,3.0,True,0.579087884406952
30,30,75,0.7,0.0005,2.2,True,0.5790884561438502
25,30,75,0.7,0.001,3.0,True,0.5790887767283427
25,30,75,0.7,0.002,3.0,True,0.5790929688620319
25,50,125,0.8,0.0005,1.5,False,0.5791022318459893
25,30,75,0.7,0.002,2.2,True,0.5791026352775401
20,30,75,0.8,0.0005,1.5,False,0.5791040104812835
30,40,75,0.5,0.002,3.0,True,0.5791244547336903
20,50,75,0.7,0.0005,3.0,False,0.5791245761866309
30,40,75,0.5,0.001,3.0,True,0.5791345239459895
30,40,75,0.5,0.0005,3.0,True,0.5791418118957219
25,50,125,0.8,0.001,1.5,False,0.579146500804813
25,50,100,0.7,0.0005,2.2,False,0.5791539297802142
20,50,75,0.7,0.001,3.0,False,0.5791594937433153
25,30,75,0.7,0.001,2.2,True,0.579166140959893
25,40,100,0.7,0.002,1.5,False,0.5791883645668446
30,30,75,0.8,0.0005,1.5,False,0.5791901341935828
25,50,100,0.7,0.001,2.2,False,0.5791958014299464
25,40,100,0.7,0.001,1.5,False,0.5792035620700535
25,30,75,0.7,0.0005,2.2,True,0.5792047659935831
30,50,75,0.5,0.002,2.2,False,0.5792179500663102
25,40,100,0.7,0.0005,1.5,False,0.5792234841010697
30,40,75,0.7,0.002,1.5,True,0.5792244923802132
20,50,75,0.7,0.002,3.0,False,0.5792313258951872
25,50,125,0.8,0.002,1.5,False,0.5792427868005349
25,40,100,0.8,0.0005,2.2,False,0.5792471502914438
30,50,75,0.5,0.001,2.2,False,0.5792527228438499
25,40,100,0.8,0.0005,3.0,True,0.5792693799101603
30,50,75,0.5,0.0005,2.2,False,0.5792771885144383
20,40,75,0.7,0.001,1.5,True,0.579281399168449
25,50,100,0.7,0.002,2.2,False,0.5792850584657753
25,40,100,0.8,0.001,2.2,False,0.5792860391267377
30,50,125,0.7,0.002,1.5,True,0.5792905538919784
25,40,100,0.8,0.001,3.0,True,0.5792919542999999
30,50,100,0.8,0.0005,3.0,False,0.5792922564513365
30,30,75,0.7,0.0005,3.0,False,0.5793109299657755
20,50,100,0.7,0.0005,3.0,True,0.579315135525134
30,40,100,0.7,0.002,1.5,True,0.5793198215871658
25,50,125,0.8,0.0005,2.2,True,0.5793230305518715
30,50,125,0.7,0.001,1.5,True,0.5793270816443851
30,30,75,0.7,0.001,3.0,False,0.5793276022871655
20,40,75,0.7,0.0005,3.0,False,0.5793366557080212
25,40,100,0.8,0.002,3.0,True,0.579337514681818
20,50,100,0.7,0.001,3.0,True,0.5793392471443851
30,50,100,0.8,0.001,3.0,False,0.5793447972037433
25,40,100,0.7,0.0005,2.2,True,0.5793500762962566
25,50,125,0.8,0.001,2.2,True,0.5793516992732619
30,50,125,0.7,0.0005,1.5,True,0.5793531482716576
25,40,100,0.7,0.001,2.2,True,0.5793545595721923
30,30,75,0.7,0.002,3.0,False,0.5793640282219251
20,40,75,0.7,0.001,3.0,False,0.5793643992299462
25,40,75,0.7,0.001,1.5,True,0.5793669052016039
25,40,100,0.7,0.002,2.2,True,0.579367024224599
25,40,100,0.8,0.002,2.2,False,0.5793686001395718
20,30,75,0.7,0.002,2.2,True,0.579376314557219
30,40,75,0.5,0.002,2.2,True,0.579377436637968
20,50,100,0.7,0.002,3.0,True,0.5793883826652401
25,50,125,0.8,0.002,2.2,True,0.5794144284379673
20,40,75,0.7,0.002,3.0,False,0.5794213683058826
25,40,75,0.5,0.002,3.0,True,0.5794221459491983
25,40,100,0.7,0.002,1.5,True,0.5794236348053479
25,40,75,0.5,0.001,3.0,True,0.5794244805689843
20,30,75,0.7,0.001,2.2,True,0.5794249224401066
25,40,75,0.5,0.0005,3.0,True,0.5794261698711234
30,50,100,0.8,0.002,3.0,False,0.579449666365775
30,40,100,0.7,0.001,1.5,True,0.5794528354101606
20,30,75,0.7,0.0005,2.2,True,0.579455525351872
20,40,75,0.7,0.0005,1.5,True,0.5794555504245993
30,40,75,0.5,0.001,2.2,True,0.5794785296850267
20,30,75,0.7,0.002,2.2,False,0.5794998468705881
25,40,75,0.5,0.002,2.2,True,0.579502583802139
20,30,75,0.7,0.001,2.2,False,0.5795026998042777
20,30,75,0.7,0.0005,2.2,False,0.5795099331604279
25,40,100,0.7,0.001,1.5,True,0.5795272150128343
25,50,125,0.7,0.002,1.5,True,0.5795299111058824
30,40,75,0.5,0.0005,2.2,True,0.5795362712042778
20,30,75,0.7,0.0005,3.0,True,0.5795383517502671
30,40,100,0.7,0.0005,1.5,True,0.5795392627625667
30,30,100,0.8,0.002,1.5,False,0.579539513708556
20,30,75,0.7,0.001,3.0,True,0.5795423960224598
25,50,125,0.7,0.001,1.5,True,0.5795453495128344
20,30,75,0.7,0.002,3.0,True,0.5795519147438503
30,40,75,0.5,0.002,2.2,False,0.5795551690363634
25,50,125,0.7,0.0005,1.5,True,0.579560936661497
25,40,75,0.7,0.0005,1.5,True,0.5795634565176471
25,30,75,0.7,0.002,1.5,False,0.5795790379572193
25,40,75,0.5,0.001,2.2,True,0.5795832421165776
25,40,100,0.7,0.0005,1.5,True,0.5795943247037433
30,40,75,0.5,0.001,2.2,False,0.5796003281598933
30,40,75,0.7,0.001,1.5,True,0.5796062467262029
25,50,75,0.5,0.002,2.2,False,0.5796096429433155
30,30,100,0.8,0.001,1.5,False,0.5796147865764706
25,50,75,0.5,0.001,2.2,False,0.5796210514155082
30,40,75,0.5,0.0005,2.2,False,0.5796274771475936
25,40,75,0.5,0.0005,2.2,True,0.5796295591529412
30,30,75,0.7,0.002,1.5,False,0.5796322706518721
25,50,75,0.5,0.0005,2.2,False,0.5796334579433152
30,50,125,0.7,0.0005,1.5,False,0.5796355337336899
30,40,100,0.7,0.0005,3.0,True,0.5796377911540108
20,40,100,0.7,0.002,1.5,True,0.5796432593336899
20,40,100,0.7,0.001,1.5,False,0.5796525800716575
30,50,100,0.5,0.002,2.2,True,0.5796556816598931
30,40,100,0.7,0.001,3.0,True,0.5796566821443849
20,40,100,0.7,0.002,1.5,False,0.5796572532122998
20,40,100,0.7,0.0005,1.5,False,0.5796624540320856
30,50,100,0.5,0.001,2.2,True,0.5796653606310157
20,30,75,0.8,0.0005,3.0,False,0.5796659081705883
30,50,125,0.7,0.001,1.5,False,0.5796692344347592
30,40,100,0.7,0.0005,2.2,False,0.5796711706368983
30,30,100,0.8,0.0005,1.5,False,0.5796712061438503
30,50,100,0.5,0.0005,2.2,True,0.5796733181951873
20,30,75,0.8,0.001,3.0,False,0.579689244047059
30,40,100,0.7,0.002,3.0,True,0.5796941531481284
30,40,100,0.7,0.001,2.2,False,0.5797042338770052
20,50,125,0.8,0.0005,1.5,False,0.5797080255711229
20,40,100,0.7,0.001,1.5,True,0.5797237010791443
30,50,125,0.7,0.0005,2.2,True,0.5797318853598927
20,30,75,0.8,0.002,3.0,False,0.579736649064171
20,40,75,0.5,0.002,2.2,True,0.5797371848427808
20,30,75,0.7,0.002,1.5,False,0.5797392404032085
30,50,125,0.7,0.002,1.5,False,0.5797444112374326
30,50,125,0.7,0.001,2.2,True,0.5797547359828872
20,30,75,0.8,0.002,1.5,True,0.5797586808545452
20,50,125,0.8,0.001,1.5,False,0.5797604333443851
20,40,100,0.7,0.0005,2.2,True,0.5797707880021389
30,40,100,0.7,0.002,2.2,False,0.5797735393406418
20,40,100,0.7,0.0005,1.5,True,0.57977866324385
20,40,100,0.7,0.001,2.2,True,0.5797798377470587
20,40,75,0.5,0.0005,3.0,True,0.5798000128021391
20,40,100,0.7,0.002,2.2,True,0.5798009090433154
30,50,125,0.7,0.002,2.2,True,0.5798017078000002
20,40,75,0.5,0.001,3.0,True,0.5798017853144387
20,40,75,0.5,0.001,2.2,True,0.5798018125577541
20,40,75,0.5,0.002,3.0,True,0.5798063518080212
25,30,75,0.8,0.002,1.5,True,0.5798102307663103
20,40,100,0.8,0.0005,3.0,True,0.5798236111010693
20,50,125,0.8,0.0005,2.2,True,0.5798256075711231
25,30,100,0.8,0.002,1.5,False,0.5798320039652407
30,40,75,0.7,0.0005,1.5,True,0.5798344463368984
20,40,75,0.5,0.0005,2.2,True,0.579838745649733
20,40,100,0.8,0.001,3.0,True,0.5798470976224601
30,40,125,0.8,0.002,1.5,True,0.5798491960925133
25,30,75,0.7,0.001,1.5,False,0.5798564131748662
20,50,125,0.8,0.001,2.2,True,0.5798582068930478
20,50,100,0.7,0.0005,2.2,False,0.579868358680214
20,50,125,0.8,0.002,1.5,False,0.5798738697700536
20,50,125,0.7,0.001,1.5,True,0.5798739389187167
30,40,125,0.8,0.001,1.5,True,0.5798744490716579
20,50,125,0.7,0.002,1.5,True,0.5798772498545451
25,30,100,0.8,0.001,1.5,False,0.5798779204604279
20,50,125,0.7,0.0005,1.5,True,0.5798795871267378
20,40,100,0.8,0.002,3.0,True,0.5798948598128342
30,40,125,0.8,0.0005,1.5,True,0.5798989237828875
25,30,75,0.7,0.0005,3.0,False,0.5799055816219251
25,40,75,0.5,0.002,2.2,False,0.5799090758807485
20,50,100,0.7,0.001,2.2,False,0.5799156416171122
25,30,100,0.8,0.0005,1.5,False,0.5799181818481282
20,50,125,0.8,0.002,2.2,True,0.5799239221058822
25,30,75,0.7,0.001,3.0,False,0.5799260856347593
25,40,75,0.5,0.001,2.2,False,0.5799328025069518
30,50,125,0.8,0.0005,3.0,True,0.5799351862941176
25,50,100,0.5,0.001,2.2,True,0.5799397701668448
25,50,100,0.5,0.0005,2.2,True,0.5799411506882356
25,50,100,0.5,0.002,2.2,True,0.5799433374780749
30,30,100,0.8,0.0005,2.2,True,0.579948122502139
30,30,100,0.8,0.001,2.2,True,0.5799496046101603
25,40,75,0.5,0.0005,2.2,False,0.5799502831090911
30,50,75,0.5,0.002,1.5,False,0.5799517972898396
30,30,100,0.8,0.002,2.2,True,0.5799571301898397
20,30,75,0.7,0.001,1.5,False,0.5799628995614973
30,30,75,0.7,0.001,1.5,False,0.5799669778593581
30,50,125,0.8,0.001,3.0,True,0.5799682236267382
25,30,75,0.7,0.002,3.0,False,0.5799686943406421
25,50,75,0.5,0.002,1.5,False,0.5799700805614975
30,50,100,0.5,0.002,1.5,True,0.5799707273711234
30,40,125,0.8,0.0005,1.5,False,0.5799744011919786
20,40,100,0.8,0.0005,2.2,False,0.5799792550983955
30,50,100,0.5,0.002,1.5,False,0.5799891461679143
30,50,75,0.5,0.0005,3.0,False,0.5799998656770052
30,40,125,0.8,0.001,1.5,False,0.5800047744090912
20,50,100,0.7,0.002,2.2,False,0.5800135234411763
25,50,100,0.8,0.0005,3.0,False,0.5800215299395725
20,40,100,0.8,0.001,2.2,False,0.5800220430834224
30,50,75,0.5,0.001,3.0,False,0.5800245561235294
25,30,75,0.7,0.0005,1.5,False,0.5800282284326205
30,50,125,0.8,0.002,3.0,True,0.5800337258219254
30,30,75,0.8,0.002,1.5,True,0.5800512581566843
30,50,100,0.5,0.001,1.5,False,0.5800527671647058
25,50,100,0.5,0.002,1.5,True,0.5800582629636364
20,30,75,0.8,0.001,1.5,True,0.5800607437454547
25,50,125,0.7,0.0005,1.5,False,0.5800700503727272
25,40,100,0.7,0.0005,3.0,True,0.5800725030962568
25,50,100,0.8,0.001,3.0,False,0.5800756458320854
30,50,75,0.5,0.002,3.0,False,0.5800770424796791
30,40,125,0.8,0.002,1.5,False,0.5800814665529412
25,40,100,0.7,0.001,3.0,True,0.5800924590342244
30,50,100,0.5,0.0005,1.5,False,0.5800967067941177
25,40,125,0.8,0.001,1.5,True,0.580100445959893
25,40,125,0.8,0.002,1.5,True,0.5801029629812834
20,30,75,0.7,0.0005,1.5,False,0.5801061035930482
25,40,125,0.8,0.0005,1.5,True,0.5801093184133689
20,40,100,0.8,0.002,2.2,False,0.5801096012411765
25,50,125,0.7,0.001,1.5,False,0.580113204164171
25,50,125,0.7,0.0005,2.2,True,0.5801155643278073
30,50,100,0.5,0.001,1.5,True,0.5801314479898393
30,50,100,0.5,0.0005,3.0,True,0.5801322915518715
25,40,100,0.7,0.002,3.0,True,0.580133662903743
20,50,75,0.5,0.001,2.2,False,0.5801378109352944
20,50,75,0.5,0.0005,2.2,False,0.5801401215411763
25,50,125,0.7,0.001,2.2,True,0.5801404749577537
20,50,75,0.5,0.002,2.2,False,0.58014609548877
30,50,100,0.5,0.001,3.0,True,0.5801478418839568
25,30,75,0.8,0.001,1.5,True,0.5801689726390371
30,30,75,0.7,0.0005,1.5,False,0.5801695175342249
30,50,100,0.5,0.002,3.0,True,0.5801810459470585
25,50,100,0.8,0.002,3.0,False,0.5801828476331548
20,50,75,0.5,0.002,1.5,False,0.5801839749235294
20,50,75,0.5,0.002,1.5,True,0.5801869867497323
25,50,100,0.5,0.001,1.5,True,0.5801903697
25,50,125,0.7,0.002,2.2,True,0.5801956358368983
30,30,100,0.8,0.002,1.5,True,0.5802036901347593
25,50,125,0.7,0.002,1.5,False,0.5802067953748665
25,50,75,0.5,0.002,1.5,True,0.5802088097368984
30,50,100,0.5,0.0005,1.5,True,0.5802272181935825
25,40,100,0.7,0.0005,2.2,False,0.5802322718796789
30,50,100,0.7,0.0005,3.0,False,0.5802385299513367
20,30,75,0.8,0.0005,1.5,True,0.5802445550326205
25,50,75,0.5,0.001,1.5,False,0.5802502611491975
20,50,100,0.5,0.002,1.5,True,0.5802579156513372
30,40,75,0.5,0.0005,3.0,False,0.5802654397352943
25,40,100,0.7,0.001,2.2,False,0.5802702240999998
25,50,100,0.5,0.0005,1.5,True,0.5802708132053478
25,30,100,0.8,0.0005,2.2,True,0.5802770624395727
30,50,75,0.5,0.001,1.5,False,0.5802794457711232
30,40,75,0.5,0.001,3.0,False,0.5802827081454547
25,30,100,0.8,0.001,2.2,True,0.5802843528262035
25,50,100,0.5,0.002,1.5,False,0.5802885257732618
30,50,100,0.7,0.001,3.0,False,0.5802891335609629
25,30,100,0.8,0.002,1.5,True,0.580291579195722
20,50,100,0.5,0.0005,2.2,True,0.5802949244486632
20,50,100,0.5,0.001,2.2,True,0.5802984012016041
25,30,100,0.8,0.002,2.2,True,0.5803056385508023
20,50,100,0.5,0.002,2.2,True,0.5803111203695187
20,30,100,0.8,0.002,1.5,False,0.5803133916160427
30,40,125,0.8,0.0005,2.2,True,0.5803139358962566
30,40,75,0.5,0.002,3.0,False,0.5803177164524065
30,50,125,0.8,0.0005,2.2,False,0.5803205077133691
25,50,100,0.5,0.001,1.5,False,0.5803240763636364
20,30,100,0.8,0.001,1.5,False,0.5803285470278076
30,40,125,0.8,0.001,2.2,True,0.5803392635636371
25,40,100,0.7,0.002,2.2,False,0.5803492116545452
20,30,100,0.8,0.0005,1.5,False,0.58035228135508
25,50,100,0.5,0.0005,1.5,False,0.5803540672770054
30,30,100,0.8,0.001,1.5,True,0.5803571264042781
30,40,100,0.8,0.0005,3.0,False,0.5803587408839571
20,50,100,0.5,0.001,1.5,True,0.5803651183272727
30,30,100,0.8,0.0005,2.2,False,0.5803692452598932
30,50,75,0.5,0.002,1.5,True,0.5803762316251335
25,30,75,0.8,0.0005,1.5,True,0.5803845095069518
30,50,125,0.8,0.001,2.2,False,0.5803864825026739
30,50,100,0.7,0.002,3.0,False,0.5803883968208552
30,40,125,0.8,0.002,2.2,True,0.5803912940631019
30,30,100,0.8,0.001,2.2,False,0.580402234614973
30,40,100,0.8,0.001,3.0,False,0.5804050170219252
20,40,75,0.5,0.002,2.2,False,0.5804082947866308
25,40,125,0.8,0.0005,1.5,False,0.5804114037540108
25,30,100,0.8,0.001,1.5,True,0.5804126682764705
25,50,125,0.8,0.0005,3.0,True,0.5804160019224598
20,40,75,0.5,0.001,2.2,False,0.5804164849834225
20,50,75,0.5,0.001,1.5,False,0.5804169692336897
25,50,75,0.5,0.0005,1.5,False,0.580418278499465
20,40,75,0.5,0.0005,2.2,False,0.5804249865187168
20,50,100,0.5,0.0005,1.5,True,0.5804314868775401
20,40,125,0.8,0.0005,1.5,True,0.5804384545914439
20,40,125,0.8,0.001,1.5,True,0.5804404350743313
25,50,125,0.8,0.001,3.0,True,0.5804496452299466
30,30,100,0.8,0.0005,1.5,True,0.5804544985962568
25,40,125,0.8,0.001,1.5,False,0.5804549224197859
30,30,75,0.8,0.001,1.5,True,0.5804632641454548
20,40,125,0.8,0.002,1.5,True,0.5804641899593582
30,30,100,0.8,0.002,2.2,False,0.5804711568005347
30,50,75,0.5,0.0005,1.5,False,0.5804722501155081
25,40,75,0.5,0.002,1.5,False,0.5804894309636363
25,30,100,0.8,0.0005,1.5,True,0.5804929532374329
20,50,75,0.5,0.001,1.5,True,0.5804931695010697
25,50,100,0.5,0.0005,3.0,True,0.5804942170593583
30,40,100,0.8,0.002,3.0,False,0.5804968307032087
25,50,100,0.5,0.001,3.0,True,0.580511937062032
25,50,125,0.8,0.002,3.0,True,0.5805157431540109
30,50,125,0.8,0.002,2.2,False,0.580517460645989
20,30,100,0.8,0.002,1.5,True,0.5805270576486631
30,40,75,0.5,0.002,1.5,False,0.5805301950245986
25,50,100,0.5,0.002,3.0,True,0.5805489229941175
25,50,75,0.5,0.0005,3.0,False,0.5805520720711229
25,40,125,0.8,0.002,1.5,False,0.580556964845989
25,50,75,0.5,0.001,1.5,True,0.5805585705101604
20,50,75,0.5,0.0005,1.5,False,0.5805609330962566
25,50,75,0.5,0.001,3.0,False,0.580581456930481
20,50,125,0.7,0.0005,2.2,True,0.5805828307262032
20,40,100,0.7,0.0005,3.0,True,0.580586687477005
30,30,100,0.8,0.0005,3.0,True,0.5806012320026734
20,40,100,0.7,0.001,3.0,True,0.5806076096941176
30,30,100,0.7,0.002,1.5,False,0.5806081234700533
20,50,125,0.7,0.001,2.2,True,0.580611861509091
20,30,100,0.8,0.001,1.5,True,0.5806148056352942
30,30,100,0.8,0.001,3.0,True,0.5806211639299464
20,40,75,0.5,0.002,1.5,False,0.5806303116310156
20,30,75,0.7,0.0005,3.0,False,0.5806381023385024
25,50,75,0.5,0.002,3.0,False,0.5806424251010692
20,50,125,0.7,0.0005,1.5,False,0.5806489698315508
20,40,100,0.7,0.002,3.0,True,0.5806508508347591
20,30,75,0.7,0.001,3.0,False,0.5806601466524066
30,30,100,0.8,0.002,3.0,True,0.5806614844037437
30,30,100,0.7,0.001,1.5,False,0.580663420609091
20,50,125,0.7,0.002,2.2,True,0.580671380982888
20,50,75,0.5,0.0005,1.5,True,0.5806731635256684
20,30,100,0.8,0.0005,1.5,True,0.5806761261812834
30,50,125,0.7,0.0005,3.0,True,0.5806787285529412
20,50,125,0.7,0.001,1.5,False,0.5806990283187168
20,30,75,0.7,0.002,3.0,False,0.580706323679679
30,30,100,0.7,0.0005,1.5,False,0.5807069481005349
30,30,75,0.8,0.0005,1.5,True,0.5807077279053476
30,50,125,0.7,0.001,3.0,True,0.580708861359358
25,40,125,0.8,0.0005,2.2,True,0.5807154571529409
20,30,100,0.8,0.0005,2.2,True,0.5807185481834227
20,30,100,0.8,0.001,2.2,True,0.5807304938197865
20,50,100,0.5,0.002,1.5,False,0.5807391522641716
20,30,75,0.7,0.002,1.5,True,0.5807432879171125
25,40,75,0.5,0.001,1.5,False,0.5807434326973265
25,40,125,0.8,0.001,2.2,True,0.5807444389668449
20,50,100,0.5,0.001,1.5,False,0.5807484581919786
30,40,125,0.7,0.002,1.5,True,0.5807486009711228
20,30,100,0.8,0.002,2.2,True,0.5807605216807484
25,50,75,0.5,0.0005,1.5,True,0.5807612843802138
30,40,125,0.7,0.001,1.5,True,0.5807626450903739
20,50,100,0.5,0.0005,1.5,False,0.5807646883240641
30,50,125,0.7,0.002,3.0,True,0.5807683753770051
30,50,75,0.5,0.001,1.5,True,0.5807712260641713
30,40,125,0.7,0.0005,1.5,True,0.5807803064941175
30,50,100,0.5,0.0005,2.2,False,0.5807829089577539
30,30,75,0.5,0.002,3.0,True,0.580786580537433
25,30,75,0.7,0.002,1.5,True,0.5807928287502678
30,30,75,0.5,0.001,3.0,True,0.5807968451593584
25,40,75,0.5,0.0005,3.0,False,0.5807974451631015
25,40,125,0.8,0.002,2.2,True,0.5808013051796791
30,30,75,0.5,0.0005,3.0,True,0.5808024044770055
20,50,125,0.7,0.002,1.5,False,0.5808079405866313
30,50,100,0.5,0.001,2.2,False,0.5808143426636365
25,40,75,0.5,0.001,3.0,False,0.5808181413304814
30,40,75,0.5,0.001,1.5,False,0.5808243644080217
20,40,75,0.5,0.001,1.5,False,0.5808503658513364
30,30,100,0.7,0.0005,2.2,True,0.5808574497090906
20,50,100,0.8,0.0005,3.0,False,0.5808581058229944
30,30,100,0.7,0.001,2.2,True,0.5808611253989303
25,40,75,0.5,0.002,3.0,False,0.5808616884315511
30,30,100,0.7,0.002,2.2,True,0.5808743690053477
30,50,100,0.5,0.002,2.2,False,0.5808793020791443
25,40,75,0.5,0.0005,1.5,False,0.5808974684593581
25,30,100,0.7,0.002,1.5,False,0.5809026872871659
20,50,100,0.8,0.001,3.0,False,0.5809108257502671
20,50,100,0.5,0.0005,3.0,True,0.5809186670219252
25,30,100,0.7,0.001,1.5,False,0.5809239279802138
20,40,100,0.7,0.0005,2.2,False,0.5809277541807485
25,50,100,0.7,0.0005,3.0,False,0.580928404950802
20,50,100,0.5,0.001,3.0,True,0.580937430706417
25,30,100,0.8,0.0005,2.2,False,0.5809419747283422
25,30,100,0.7,0.0005,1.5,False,0.580950683190374
20,50,125,0.8,0.0005,3.0,True,0.5809618785748663
20,40,100,0.7,0.001,2.2,False,0.5809684779967912
30,40,125,0.7,0.0005,1.5,False,0.5809691530176473
25,50,125,0.8,0.0005,2.2,False,0.5809734543390375
25,40,125,0.7,0.001,1.5,True,0.5809735865101607
20,50,100,0.5,0.002,3.0,True,0.5809748840716575
25,40,125,0.7,0.002,1.5,True,0.5809777694534759
25,40,125,0.7,0.0005,1.5,True,0.5809778266620321
30,40,100,0.5,0.002,2.2,True,0.5809785332909092
25,30,100,0.8,0.001,2.2,False,0.5809798638032087
25,50,100,0.7,0.001,3.0,False,0.5809801437957219
20,40,75,0.5,0.0005,1.5,False,0.5809852418893052
30,40,100,0.5,0.001,2.2,True,0.5809878660128347
20,50,125,0.8,0.001,3.0,True,0.5809934188101605
30,40,100,0.5,0.0005,2.2,True,0.5809948405850268
30,50,75,0.5,0.0005,1.5,True,0.5809986466491979
20,40,125,0.8,0.0005,1.5,False,0.5809992434577539
30,40,75,0.5,0.0005,1.5,False,0.5809995817855613
20,30,75,0.7,0.001,1.5,True,0.5810059887855613
30,40,125,0.7,0.001,1.5,False,0.5810061842406412
30,30,75,0.5,0.002,2.2,False,0.5810066575074866
30,30,75,0.7,0.002,1.5,True,0.5810095460887696
20,50,100,0.8,0.002,3.0,False,0.5810144252336901
30,30,75,0.5,0.001,2.2,False,0.5810361290294116
25,50,125,0.8,0.001,2.2,False,0.5810418252486632
20,40,100,0.7,0.002,2.2,False,0.5810511870796788
20,40,125,0.8,0.001,1.5,False,0.5810521381005344
30,30,75,0.5,0.0005,2.2,False,0.5810560686609627
20,50,125,0.8,0.002,3.0,True,0.581057460136364
25,30,100,0.8,0.002,2.2,False,0.5810584682149735
25,30,100,0.8,0.0005,3.0,True,0.5810620244294121
25,30,75,0.5,0.002,3.0,True,0.5810669049454548
25,30,75,0.5,0.001,3.0,True,0.5810697888689839
25,30,75,0.5,0.0005,3.0,True,0.5810730434224598
25,40,100,0.8,0.0005,3.0,False,0.581076010993048
25,50,100,0.7,0.002,3.0,False,0.581081791193048
25,30,100,0.8,0.001,3.0,True,0.581082827333155
30,40,125,0.7,0.002,1.5,False,0.581094143514973
25,30,75,0.7,0.001,1.5,True,0.5811101358946519
20,40,75,0.5,0.002,1.5,True,0.5811212860181821
25,40,100,0.8,0.001,3.0,False,0.58112267817754
25,50,125,0.7,0.0005,3.0,True,0.5811236815994653
25,30,100,0.8,0.002,3.0,True,0.5811247544524062
30,30,75,0.5,0.002,2.2,True,0.5811299535941178
30,40,125,0.7,0.0005,2.2,True,0.5811394829903741
25,50,125,0.7,0.001,3.0,True,0.5811541839208555
30,40,125,0.7,0.001,2.2,True,0.5811626807727276
25,30,100,0.7,0.0005,2.2,True,0.581163132509626
30,50,125,0.5,0.002,1.5,True,0.5811655302994654
20,30,75,0.7,0.0005,1.5,True,0.5811678403508018
30,30,100,0.7,0.002,1.5,True,0.5811681233326201
20,40,125,0.8,0.002,1.5,False,0.5811700676775404
25,30,100,0.7,0.001,2.2,True,0.5811721019165772
25,50,125,0.8,0.002,2.2,False,0.581178541872727
30,40,100,0.5,0.002,1.5,False,0.5811904676229946
25,30,100,0.7,0.002,2.2,True,0.5811940277941176
25,40,75,0.5,0.002,1.5,True,0.5811944567663103
30,30,75,0.5,0.001,2.2,True,0.5812081662513374
20,40,125,0.8,0.0005,2.2,True,0.5812085505614973
30,40,125,0.7,0.002,2.2,True,0.5812089178556149
30,50,125,0.5,0.001,1.5,True,0.5812126756882348
25,50,125,0.7,0.002,3.0,True,0.5812143902534762
25,40,100,0.8,0.002,3.0,False,0.5812150880668446
20,50,75,0.5,0.0005,3.0,False,0.5812171254197861
25,30,75,0.5,0.002,2.2,True,0.5812232074919786
30,40,100,0.5,0.001,1.5,False,0.5812310170117647
20,40,125,0.8,0.001,2.2,True,0.5812381896229945
30,50,125,0.5,0.0005,1.5,True,0.581242713952941
25,40,100,0.5,0.001,2.2,True,0.5812484615545453
20,50,75,0.5,0.001,3.0,False,0.5812484668641713
25,40,100,0.5,0.002,2.2,True,0.5812487227860964
25,40,100,0.5,0.0005,2.2,True,0.5812498340577541
30,30,75,0.5,0.0005,2.2,True,0.5812537264401071
30,50,125,0.7,0.0005,2.2,False,0.5812552238700536
25,30,100,0.7,0.002,1.5,True,0.5812591357679143
30,40,100,0.5,0.0005,1.5,False,0.581262800215508
20,40,125,0.7,0.0005,1.5,True,0.5812821967144386
20,40,125,0.7,0.001,1.5,True,0.5812828139727272
25,30,75,0.5,0.001,2.2,True,0.5812873252491979
25,50,100,0.5,0.0005,2.2,False,0.581288876993048
20,40,125,0.8,0.002,2.2,True,0.5812980362251338
20,40,125,0.7,0.002,1.5,True,0.5812993330513369
30,30,100,0.7,0.001,1.5,True,0.5813008171433155
25,30,75,0.7,0.0005,1.5,True,0.5813008846903741
30,40,100,0.7,0.0005,3.0,False,0.581310654262032
20,50,75,0.5,0.002,3.0,False,0.5813126561951871
30,50,125,0.7,0.001,2.2,False,0.5813172133946525
25,30,75,0.5,0.002,2.2,False,0.5813197705144384
25,50,100,0.5,0.001,2.2,False,0.5813254015422458
25,30,75,0.5,0.0005,2.2,True,0.5813254039342247
30,40,125,0.8,0.0005,3.0,True,0.5813296319026742
25,30,75,0.5,0.001,2.2,False,0.5813353053871659
25,30,75,0.5,0.0005,2.2,False,0.5813483498534759
30,40,100,0.7,0.001,3.0,False,0.5813536125689834
25,30,100,0.7,0.001,1.5,True,0.5813561754673798
20,30,100,0.7,0.001,1.5,False,0.5813570407914439
30,40,125,0.8,0.001,3.0,True,0.5813600206411763
25,50,125,0.5,0.002,1.5,True,0.581362626619786
20,30,100,0.7,0.002,1.5,False,0.5813636382192513
20,30,100,0.7,0.0005,1.5,False,0.5813674254267375
30,30,75,0.7,0.001,1.5,True,0.5813826945866312
30,30,100,0.7,0.0005,1.5,True,0.5813852594406418
25,40,125,0.7,0.0005,1.5,False,0.5813894208470591
30,40,100,0.5,0.002,1.5,True,0.5813903606652404
25,50,125,0.5,0.001,1.5,True,0.5813920942513368
30,30,100,0.7,0.0005,2.2,False,0.5813921921192512
20,40,75,0.5,0.001,1.5,True,0.581399351764171
25,50,100,0.5,0.002,2.2,False,0.581401932151337
30,40,75,0.5,0.002,1.5,True,0.581405130957754
25,50,125,0.5,0.0005,1.5,True,0.5814129500743317
30,40,125,0.8,0.002,3.0,True,0.5814187820315507
25,30,100,0.7,0.0005,1.5,True,0.5814217212962567
20,30,75,0.5,0.002,2.2,True,0.5814274915973262
30,30,100,0.7,0.001,2.2,False,0.5814279469342244
20,30,75,0.5,0.001,3.0,True,0.5814322123294116
20,30,75,0.5,0.0005,3.0,True,0.5814323698577538
30,40,100,0.5,0.0005,3.0,True,0.5814325402106952
20,30,75,0.5,0.002,3.0,True,0.5814334029037437
25,40,125,0.7,0.001,1.5,False,0.5814372274342247
30,50,125,0.7,0.002,2.2,False,0.5814395351139038
30,40,100,0.7,0.002,3.0,False,0.5814397433903741
20,40,75,0.5,0.0005,3.0,False,0.5814444475721928
30,40,100,0.5,0.001,3.0,True,0.581445262905882
30,30,100,0.7,0.0005,3.0,True,0.5814458357893048
25,40,100,0.5,0.002,1.5,True,0.5814501657310163
25,40,100,0.5,0.002,1.5,False,0.5814547269213902
30,30,100,0.7,0.001,3.0,True,0.5814642092524064
20,40,75,0.5,0.001,3.0,False,0.5814680827796793
30,40,100,0.5,0.002,3.0,True,0.5814707816379677
25,40,100,0.5,0.001,1.5,False,0.5814739470518715
20,30,100,0.7,0.002,1.5,True,0.581477782139572
20,30,75,0.5,0.001,2.2,True,0.5814801953946525
30,50,125,0.5,0.0005,2.2,True,0.581484084039572
25,40,100,0.5,0.0005,1.5,False,0.5814944102336898
30,50,125,0.5,0.001,2.2,True,0.5814987226513368
30,30,100,0.7,0.002,3.0,True,0.5815005337347596
30,30,100,0.7,0.002,2.2,False,0.5815010093181816
25,40,75,0.5,0.001,1.5,True,0.5815075303229942
20,30,75,0.5,0.0005,2.2,True,0.5815109316491978
25,40,125,0.7,0.0005,2.2,True,0.5815136482812833
20,40,75,0.5,0.002,3.0,False,0.5815169888828877
30,40,100,0.5,0.001,1.5,True,0.5815200206919783
30,50,125,0.5,0.002,2.2,True,0.581530571285027
25,40,125,0.7,0.001,2.2,True,0.5815393274647059
25,40,125,0.7,0.002,1.5,False,0.5815410527994651
20,30,100,0.7,0.001,1.5,True,0.5815442456074867
25,40,100,0.5,0.001,1.5,True,0.5815580696898394
20,40,75,0.5,0.0005,1.5,True,0.581563231595187
20,30,100,0.7,0.0005,2.2,True,0.5815712623598931
20,30,100,0.7,0.001,2.2,True,0.5815813626486631
30,30,125,0.8,0.002,1.5,True,0.5815889863048128
25,40,125,0.7,0.002,2.2,True,0.581590133493583
20,40,100,0.5,0.0005,2.2,True,0.5815908521732622
20,30,100,0.7,0.0005,1.5,True,0.5815922979754009
20,40,100,0.5,0.001,2.2,True,0.5815933859411763
30,40,100,0.5,0.0005,1.5,True,0.5815993126090908
20,40,100,0.5,0.002,2.2,True,0.5816007191112301
30,30,75,0.7,0.0005,1.5,True,0.5816038852368983
20,30,100,0.7,0.002,2.2,True,0.5816074077192512
20,30,100,0.8,0.0005,3.0,True,0.5816084384497324
20,40,100,0.5,0.002,1.5,True,0.5816165426818185
30,30,125,0.8,0.001,1.5,True,0.5816177057288774
30,30,75,0.5,0.0005,3.0,False,0.5816237688433153
25,40,100,0.5,0.0005,1.5,True,0.5816249557042779
30,40,125,0.8,0.0005,2.2,False,0.5816274547032091
20,50,125,0.7,0.0005,3.0,True,0.5816290781112301
20,30,100,0.8,0.001,3.0,True,0.5816292114368982
30,30,75,0.5,0.001,3.0,False,0.5816370476764706
30,30,125,0.8,0.0005,1.5,True,0.5816425192802143
20,50,125,0.5,0.002,1.5,True,0.5816527729818181
20,50,125,0.7,0.001,3.0,True,0.5816578193128344
20,30,100,0.8,0.0005,2.2,False,0.5816581094839575
20,50,125,0.5,0.001,1.5,True,0.5816648441160425
30,30,75,0.5,0.002,3.0,False,0.5816657418042774
20,30,100,0.8,0.002,3.0,True,0.5816708140887701
20,50,125,0.5,0.0005,1.5,True,0.5816778281754009
30,40,125,0.8,0.001,2.2,False,0.5816886625481289
25,40,75,0.5,0.0005,1.5,True,0.5816903557288768
30,30,125,0.8,0.0005,1.5,False,0.5816976661283422
20,30,100,0.8,0.001,2.2,False,0.5816982395754013
20,40,100,0.5,0.001,1.5,True,0.5817062504754011
20,50,125,0.7,0.002,3.0,True,0.5817163213112297
20,50,100,0.7,0.0005,3.0,False,0.5817172644229947
30,30,125,0.8,0.001,1.5,False,0.5817223608465237
20,50,125,0.8,0.0005,2.2,False,0.5817409064288769
30,40,75,0.5,0.001,1.5,True,0.5817568397700533
20,40,100,0.5,0.0005,1.5,True,0.5817635169994655
20,50,100,0.7,0.001,3.0,False,0.5817673280930482
30,50,125,0.5,0.0005,1.5,False,0.5817748722101607
20,30,75,0.5,0.002,2.2,False,0.5817776816331548
20,30,100,0.8,0.002,2.2,False,0.5817829603716577
20,30,75,0.5,0.001,2.2,False,0.5817835064818183
25,40,100,0.5,0.0005,3.0,True,0.5817864925737966
30,30,125,0.8,0.002,1.5,False,0.5817879519721924
20,30,75,0.5,0.0005,2.2,False,0.5817915121754013
25,40,100,0.5,0.001,3.0,True,0.5818003710139038
25,50,125,0.5,0.0005,2.2,True,0.58180074988877
30,50,125,0.5,0.001,1.5,False,0.5818022877390373
25,40,125,0.8,0.0005,3.0,True,0.5818034430743317
30,40,125,0.8,0.002,2.2,False,0.5818099248791447
20,50,125,0.8,0.001,2.2,False,0.5818109641497325
25,30,125,0.8,0.002,1.5,True,0.5818144349903743
25,50,125,0.5,0.001,2.2,True,0.5818184034390376
25,30,125,0.8,0.001,1.5,True,0.5818233577839572
25,40,100,0.5,0.002,3.0,True,0.5818298426331546
25,40,125,0.8,0.001,3.0,True,0.5818339409946524
25,30,125,0.8,0.0005,1.5,True,0.5818376083684498
25,50,125,0.5,0.002,2.2,True,0.581857672833155
20,40,100,0.5,0.002,1.5,False,0.5818585565304815
30,50,125,0.5,0.002,1.5,False,0.5818618368796792
20,40,100,0.5,0.001,1.5,False,0.5818628703689839
20,50,100,0.7,0.002,3.0,False,0.5818661614989303
25,30,100,0.7,0.0005,3.0,True,0.5818732430989306
25,50,125,0.7,0.0005,2.2,False,0.5818743272727275
20,40,100,0.5,0.0005,1.5,False,0.5818758414385024
30,40,100,0.5,0.0005,2.2,False,0.5818881119561498
25,30,100,0.7,0.001,3.0,True,0.5818916537069515
25,40,125,0.8,0.002,3.0,True,0.5818923615256681
20,40,100,0.8,0.0005,3.0,False,0.5819029775449197
20,50,100,0.5,0.0005,2.2,False,0.581907527036364
30,40,100,0.5,0.001,2.2,False,0.5819140710197861
25,30,100,0.7,0.002,3.0,True,0.5819299553631014
25,30,100,0.7,0.0005,2.2,False,0.5819374381807484
25,50,125,0.7,0.001,2.2,False,0.5819383720625669
20,50,125,0.8,0.002,2.2,False,0.5819470452048127
20,40,125,0.7,0.0005,1.5,False,0.5819472820625669
20,50,100,0.5,0.001,2.2,False,0.5819475825860961
20,40,100,0.8,0.001,3.0,False,0.5819484645812835
30,40,75,0.5,0.0005,1.5,True,0.5819612346689841
30,40,100,0.5,0.002,2.2,False,0.5819695522679144
20,40,125,0.7,0.0005,2.2,True,0.5819711397005347
25,30,100,0.7,0.001,2.2,False,0.581976147433155
25,40,100,0.7,0.0005,3.0,False,0.5819887227106948
20,40,125,0.7,0.001,2.2,True,0.5819976593871654
20,40,125,0.7,0.001,1.5,False,0.581998975196257
20,50,100,0.5,0.002,2.2,False,0.5820317970208556
25,40,100,0.7,0.001,3.0,False,0.5820322706775399
20,40,100,0.8,0.002,3.0,False,0.5820403655759359
30,30,125,0.8,0.0005,2.2,True,0.5820490825914437
25,30,75,0.5,0.002,1.5,False,0.582051039659893
20,40,125,0.7,0.002,2.2,True,0.582051202889305
30,30,100,0.8,0.0005,3.0,False,0.5820549625363635
25,30,100,0.7,0.002,2.2,False,0.5820561984636365
25,50,125,0.7,0.002,2.2,False,0.5820659753160426
30,30,125,0.8,0.001,2.2,True,0.582074790306952
30,40,125,0.7,0.0005,3.0,True,0.5820778934882352
30,30,100,0.8,0.001,3.0,False,0.5820969960812833
30,40,125,0.7,0.001,3.0,True,0.582105071140107
20,40,125,0.7,0.002,1.5,False,0.5821096992395719
25,30,125,0.8,0.0005,1.5,False,0.5821133309828882
25,40,100,0.7,0.002,3.0,False,0.5821187973395721
30,30,125,0.8,0.002,2.2,True,0.5821279470470588
30,30,75,0.5,0.002,1.5,False,0.5821284316855616
25,30,75,0.5,0.0005,3.0,False,0.582136469130481
25,30,125,0.8,0.001,1.5,False,0.5821466155919784
20,30,125,0.8,0.001,1.5,True,0.5821485419427807
25,30,75,0.5,0.001,3.0,False,0.5821523880925135
20,30,125,0.8,0.0005,1.5,True,0.5821530927834226
20,30,75,0.5,0.002,1.5,False,0.5821550686887699
30,40,125,0.7,0.002,3.0,True,0.582157766082353
20,30,125,0.8,0.002,1.5,True,0.5821615606625666
25,50,125,0.5,0.0005,1.5,False,0.5821632012122991
30,30,100,0.8,0.002,3.0,False,0.5821788223529413
20,50,125,0.5,0.0005,2.2,True,0.5821856435032087
25,30,75,0.5,0.002,3.0,False,0.5821865936096259
25,50,125,0.5,0.001,1.5,False,0.5821974079010696
20,40,100,0.5,0.0005,3.0,True,0.5822043635240642
20,50,125,0.5,0.001,2.2,True,0.5822057237839567
20,40,100,0.5,0.001,3.0,True,0.5822192891957223
25,30,125,0.8,0.002,1.5,False,0.58222746938877
30,50,125,0.5,0.0005,3.0,True,0.5822452810780748
20,50,125,0.5,0.002,2.2,True,0.5822485675272727
20,40,100,0.5,0.002,3.0,True,0.5822510977973261
25,40,125,0.8,0.0005,2.2,False,0.582267650149733
30,50,125,0.5,0.001,3.0,True,0.5822683572732625
30,50,100,0.5,0.0005,3.0,False,0.5822713104844919
25,50,125,0.5,0.002,1.5,False,0.5822730135566847
25,30,75,0.5,0.001,1.5,False,0.5822730954513369
30,50,125,0.5,0.002,3.0,True,0.582314271562567
30,50,100,0.5,0.001,3.0,False,0.5823143059465241
30,50,125,0.8,0.0005,3.0,False,0.5823231472786093
25,40,125,0.8,0.001,2.2,False,0.5823303647101603
20,30,75,0.5,0.001,1.5,False,0.5823403863149733
20,40,125,0.8,0.0005,3.0,True,0.5823447779636359
20,40,125,0.8,0.001,3.0,True,0.5823737967620322
25,40,100,0.5,0.0005,2.2,False,0.5823763370556148
20,30,100,0.7,0.0005,3.0,True,0.5823786462042779
30,50,125,0.8,0.001,3.0,False,0.5823832445941178
30,30,75,0.5,0.001,1.5,False,0.582391009760428
20,30,100,0.7,0.001,3.0,True,0.5823976504582888
30,50,100,0.5,0.002,3.0,False,0.5824004100754008
25,40,100,0.5,0.001,2.2,False,0.5824071090561498
25,30,75,0.5,0.0005,1.5,False,0.582410954491444
20,40,125,0.8,0.002,3.0,True,0.5824314617807483
20,30,100,0.7,0.002,3.0,True,0.5824351187925134
25,30,125,0.8,0.0005,2.2,True,0.5824433170967915
25,40,125,0.8,0.002,2.2,False,0.5824544757032087
20,30,75,0.5,0.0005,1.5,False,0.5824578778064173
25,40,100,0.5,0.002,2.2,False,0.5824707980614972
25,30,125,0.8,0.001,2.2,True,0.5824723269593579
30,30,125,0.7,0.002,1.5,True,0.5824965018144387
30,50,125,0.8,0.002,3.0,False,0.582501333452407
30,30,125,0.7,0.001,1.5,True,0.582513111713904
25,40,125,0.7,0.0005,3.0,True,0.5825162724037433
30,30,125,0.7,0.0005,1.5,True,0.5825306310614975
25,30,125,0.8,0.002,2.2,True,0.5825309044593584
25,40,125,0.7,0.001,3.0,True,0.5825436876604276
30,30,75,0.5,0.0005,1.5,False,0.582552079336898
30,40,125,0.7,0.0005,2.2,False,0.5825660663096258
25,40,125,0.7,0.002,3.0,True,0.5825962787844922
20,50,125,0.7,0.0005,2.2,False,0.5826003367272726
25,50,125,0.5,0.0005,3.0,True,0.5826102803946525
20,30,100,0.7,0.0005,2.2,False,0.5826146886000003
30,40,125,0.7,0.001,2.2,False,0.582624247602139
25,50,125,0.5,0.001,3.0,True,0.5826340500518717
30,40,125,0.5,0.002,1.5,True,0.5826434730957217
20,30,100,0.7,0.001,2.2,False,0.5826538848957222
20,50,125,0.7,0.001,2.2,False,0.5826661638251336
30,40,125,0.5,0.001,1.5,True,0.5826667787229952
20,50,125,0.5,0.0005,1.5,False,0.5826749174994653
25,50,125,0.5,0.002,3.0,True,0.5826806269812835
20,30,125,0.8,0.0005,1.5,False,0.5826821120695187
30,40,125,0.5,0.0005,1.5,True,0.5826860661449202
30,30,125,0.7,0.0005,1.5,False,0.582697078713904
25,30,125,0.7,0.001,1.5,True,0.5827088503550801
25,30,125,0.7,0.002,1.5,True,0.5827145187074865
20,50,125,0.5,0.001,1.5,False,0.5827159155871661
25,30,125,0.7,0.0005,1.5,True,0.582715921795722
20,30,125,0.8,0.001,1.5,False,0.5827236605475936
30,30,125,0.7,0.001,1.5,False,0.5827284085962567
20,30,100,0.7,0.002,2.2,False,0.5827339168256681
30,40,125,0.7,0.002,2.2,False,0.5827389166898398
25,30,100,0.8,0.0005,3.0,False,0.5827614282754014
20,30,75,0.5,0.0005,3.0,False,0.5827645013379681
20,40,100,0.7,0.0005,3.0,False,0.5827676484695186
20,30,75,0.5,0.001,3.0,False,0.5827820933614974
20,50,125,0.7,0.002,2.2,False,0.5827955424636366
25,30,100,0.8,0.001,3.0,False,0.5828025069016044
30,30,125,0.7,0.002,1.5,False,0.5828038284673799
20,50,125,0.5,0.002,1.5,False,0.5828064957459892
20,40,100,0.7,0.001,3.0,False,0.5828108135117649
20,30,75,0.5,0.002,3.0,False,0.582819195008556
20,30,125,0.8,0.002,1.5,False,0.5828199196208557
25,40,125,0.5,0.002,1.5,True,0.5828209457780752
25,40,125,0.5,0.001,1.5,True,0.5828314644326203
30,30,100,0.5,0.0005,2.2,True,0.5828392571711227
30,30,100,0.5,0.001,2.2,True,0.5828396924657755
25,40,125,0.5,0.0005,1.5,True,0.5828423275454546
30,30,100,0.5,0.002,2.2,True,0.5828438473855616
25,50,100,0.5,0.0005,3.0,False,0.5828656874716578
30,30,125,0.7,0.0005,2.2,True,0.5828837076187167
25,30,100,0.8,0.002,3.0,False,0.5828849850572193
20,40,100,0.7,0.002,3.0,False,0.5828973541342248
30,40,125,0.5,0.0005,2.2,True,0.5829019878540106
30,30,125,0.7,0.001,2.2,True,0.5829096720550798
25,50,100,0.5,0.001,3.0,False,0.5829100751978608
30,40,125,0.5,0.001,2.2,True,0.5829165302181819
20,30,125,0.8,0.0005,2.2,True,0.5829271729973262
30,40,125,0.5,0.002,2.2,True,0.5829458970032086
20,30,75,0.5,0.002,1.5,True,0.5829480062700535
20,30,125,0.8,0.001,2.2,True,0.5829568221245991
30,30,125,0.7,0.002,2.2,True,0.5829631702796793
20,40,100,0.5,0.0005,2.2,False,0.5829785110010693
30,30,100,0.5,0.002,1.5,False,0.5829939566347591
25,50,100,0.5,0.002,3.0,False,0.5829975281508023
20,30,125,0.7,0.0005,1.5,True,0.5830102493005348
20,40,100,0.5,0.001,2.2,False,0.5830116348106955
20,30,125,0.7,0.001,1.5,True,0.5830127656828874
30,30,100,0.7,0.0005,3.0,False,0.5830132157716578
30,30,100,0.5,0.001,1.5,False,0.5830154498780752
20,40,125,0.7,0.0005,3.0,True,0.5830162913684492
20,30,125,0.8,0.002,2.2,True,0.5830188463358291
20,40,125,0.8,0.0005,2.2,False,0.5830216701828879
20,50,125,0.5,0.0005,3.0,True,0.5830235014566845
25,50,125,0.8,0.0005,3.0,False,0.5830327352395726
20,30,125,0.7,0.002,1.5,True,0.5830380725064174
30,30,100,0.5,0.0005,1.5,False,0.5830396339721926
20,40,125,0.7,0.001,3.0,True,0.583042675291444
20,50,125,0.5,0.001,3.0,True,0.5830455104898395
25,30,75,0.5,0.002,1.5,True,0.5830466384700533
30,30,100,0.7,0.001,3.0,False,0.5830531553171125
30,30,125,0.8,0.0005,3.0,True,0.583062098971123
20,40,100,0.5,0.002,2.2,False,0.5830794691144385
25,30,100,0.5,0.0005,2.2,True,0.5830806309898399
20,40,125,0.5,0.002,1.5,True,0.5830815593315509
20,40,125,0.5,0.001,1.5,True,0.5830834280780747
20,40,125,0.8,0.001,2.2,False,0.5830842864470587
25,30,100,0.5,0.001,2.2,True,0.5830846253465243
30,30,125,0.8,0.001,3.0,True,0.583089505235829
20,50,125,0.5,0.002,3.0,True,0.5830912624074868
20,40,125,0.5,0.0005,1.5,True,0.5830914195272726
25,50,125,0.8,0.001,3.0,False,0.5830924241358287
25,30,100,0.5,0.002,2.2,True,0.5830944892513367
20,40,125,0.7,0.002,3.0,True,0.5830950652764705
25,30,125,0.7,0.0005,1.5,False,0.5830993152957221
30,40,125,0.5,0.0005,1.5,False,0.5831221495577541
30,30,100,0.7,0.002,3.0,False,0.5831305362224599
25,30,125,0.7,0.001,1.5,False,0.5831399125957223
30,30,125,0.8,0.002,3.0,True,0.5831447133005347
30,40,125,0.5,0.001,1.5,False,0.5831568322508021
25,40,125,0.7,0.0005,2.2,False,0.5831732757486635
30,50,125,0.7,0.0005,3.0,False,0.5831743726342241
20,30,75,0.5,0.001,1.5,True,0.5831793895636362
20,40,125,0.8,0.002,2.2,False,0.5832073109748664
25,40,125,0.5,0.0005,2.2,True,0.583209044686096
25,50,125,0.8,0.002,3.0,False,0.5832093970149731
25,40,125,0.5,0.001,2.2,True,0.583225875251872
30,50,125,0.7,0.001,3.0,False,0.5832313430668452
30,40,125,0.5,0.002,1.5,False,0.5832324075898395
25,40,125,0.7,0.001,2.2,False,0.5832327837454548
25,30,125,0.7,0.002,1.5,False,0.5832333856139035
25,30,100,0.5,0.002,1.5,False,0.5832387212128346
25,30,100,0.5,0.001,1.5,False,0.5832390662342244
25,30,125,0.7,0.0005,2.2,True,0.583250014802674
25,30,100,0.5,0.0005,1.5,False,0.5832515030347593
30,50,125,0.5,0.0005,2.2,False,0.5832521435262031
30,30,100,0.5,0.0005,3.0,True,0.5832571053737967
25,40,125,0.5,0.002,2.2,True,0.5832595498791441
30,30,100,0.5,0.001,3.0,True,0.5832688375534757
25,30,125,0.7,0.001,2.2,True,0.5832779621641708
30,30,75,0.5,0.002,1.5,True,0.5832828692711232
30,30,100,0.5,0.002,3.0,True,0.5832931510850267
30,50,125,0.5,0.001,2.2,False,0.5833044510770053
30,30,100,0.5,0.002,1.5,True,0.5833103177641712
25,30,75,0.5,0.001,1.5,True,0.5833143812502674
20,30,75,0.5,0.0005,1.5,True,0.5833194097812835
25,30,125,0.7,0.002,2.2,True,0.5833339576540109
30,30,125,0.8,0.0005,2.2,False,0.5833393363411765
30,50,125,0.7,0.002,3.0,False,0.5833416263032086
25,40,125,0.7,0.002,2.2,False,0.5833488627379678
30,40,100,0.5,0.0005,3.0,False,0.5833535622208555
25,30,100,0.5,0.002,1.5,True,0.5833569596887702
30,40,100,0.5,0.001,3.0,False,0.5833893023342248
30,30,125,0.8,0.001,2.2,False,0.5833979839887703
30,50,125,0.5,0.002,2.2,False,0.5834080591229948
20,30,100,0.5,0.0005,2.2,True,0.5834082954679145
30,30,100,0.5,0.001,1.5,True,0.5834095660272732
20,30,100,0.5,0.001,2.2,True,0.5834131945759361
20,30,100,0.5,0.002,2.2,True,0.5834259423165775
25,30,100,0.5,0.001,1.5,True,0.5834344768481284
30,40,100,0.5,0.002,3.0,False,0.5834615102155081
25,30,75,0.5,0.0005,1.5,True,0.5834740457770051
30,30,100,0.5,0.0005,1.5,True,0.5834741528149735
25,30,100,0.5,0.0005,1.5,True,0.5834864286272728
25,40,125,0.5,0.0005,1.5,False,0.5834926316304814
20,30,100,0.5,0.002,1.5,True,0.5835074940540107
30,30,125,0.8,0.002,2.2,False,0.5835131844069521
25,30,125,0.8,0.0005,3.0,True,0.5835292089748662
25,40,125,0.5,0.001,1.5,False,0.5835316703748661
20,50,100,0.5,0.0005,3.0,False,0.583542435069519
25,30,125,0.8,0.001,3.0,True,0.5835569830994654
20,30,100,0.5,0.001,1.5,True,0.5835667948363633
20,30,100,0.8,0.0005,3.0,False,0.5835768200320852
20,40,125,0.5,0.0005,2.2,True,0.5835836714989304
20,50,100,0.5,0.001,3.0,False,0.5835860652909091
30,30,75,0.5,0.001,1.5,True,0.5835892515636366
20,40,125,0.5,0.001,2.2,True,0.5836023848935824
25,30,100,0.5,0.0005,3.0,True,0.583602736913904
20,30,100,0.5,0.001,1.5,False,0.5836062113721925
20,30,100,0.5,0.0005,1.5,True,0.5836085852352941
20,30,100,0.5,0.0005,1.5,False,0.5836088264882352
25,30,125,0.8,0.002,3.0,True,0.5836111716620319
25,30,100,0.5,0.001,3.0,True,0.5836149572181818
20,30,100,0.8,0.001,3.0,False,0.5836169697267378
25,40,125,0.5,0.002,1.5,False,0.5836178392663105
20,30,100,0.5,0.002,1.5,False,0.5836213729176469
30,40,125,0.8,0.0005,3.0,False,0.5836229147679143
30,30,100,0.5,0.0005,2.2,False,0.5836266693385032
20,40,125,0.5,0.002,2.2,True,0.5836392643048129
25,30,100,0.5,0.002,3.0,True,0.5836405741379678
20,30,125,0.7,0.0005,1.5,False,0.5836422181299464
30,40,125,0.5,0.0005,3.0,True,0.5836542218978609
30,30,100,0.5,0.001,2.2,False,0.5836579765454545
20,50,100,0.5,0.002,3.0,False,0.5836715483684491
30,40,125,0.5,0.001,3.0,True,0.5836739370096257
30,40,125,0.8,0.001,3.0,False,0.5836765253363635
25,30,100,0.7,0.0005,3.0,False,0.5836806850716576
20,30,125,0.7,0.001,1.5,False,0.5836898739983954
20,30,100,0.8,0.002,3.0,False,0.5836964217705883
20,30,125,0.7,0.0005,2.2,True,0.5836966869336896
30,40,125,0.5,0.002,3.0,True,0.5837126235149733
25,30,100,0.7,0.001,3.0,False,0.5837197805898395
30,30,100,0.5,0.002,2.2,False,0.5837212494122994
20,30,125,0.7,0.001,2.2,True,0.583724187018182
30,30,75,0.5,0.0005,1.5,True,0.5837714920465239
20,30,125,0.7,0.002,2.2,True,0.5837796072748666
30,40,125,0.8,0.002,3.0,False,0.5837824581657755
25,50,125,0.5,0.0005,2.2,False,0.5837921112770053
25,30,100,0.7,0.002,3.0,False,0.5837969935588236
20,30,125,0.7,0.002,1.5,False,0.5837980117925131
30,30,125,0.7,0.0005,3.0,True,0.5838160564556149
20,50,125,0.8,0.0005,3.0,False,0.5838260620208556
30,30,125,0.7,0.001,3.0,True,0.5838414296919788
25,50,125,0.7,0.0005,3.0,False,0.5838429412534759
25,50,125,0.5,0.001,2.2,False,0.5838469873080215
20,50,125,0.8,0.001,3.0,False,0.5838821857454543
20,40,125,0.7,0.0005,2.2,False,0.5838853800957218
30,30,125,0.7,0.002,3.0,True,0.5838913610534758
25,50,125,0.7,0.001,3.0,False,0.5838985262582886
25,40,100,0.5,0.0005,3.0,False,0.5839382453358288
20,40,125,0.7,0.001,2.2,False,0.5839443340294119
25,50,125,0.5,0.002,2.2,False,0.5839562568711227
25,30,125,0.8,0.0005,2.2,False,0.5839679998208557
25,40,100,0.5,0.001,3.0,False,0.5839743538909087
20,40,125,0.5,0.0005,1.5,False,0.5839826726983954
20,50,125,0.8,0.002,3.0,False,0.5839932351625668
25,50,125,0.7,0.002,3.0,False,0.5840085274331553
20,30,100,0.5,0.0005,3.0,True,0.5840120147759359
25,40,125,0.5,0.0005,3.0,True,0.5840133355042783
20,40,125,0.5,0.001,1.5,False,0.5840243694732621
20,30,100,0.5,0.001,3.0,True,0.5840250485812832
25,30,125,0.8,0.001,2.2,False,0.5840273821502673
25,40,125,0.5,0.001,3.0,True,0.5840336523582886
25,40,100,0.5,0.002,3.0,False,0.5840475220465239
20,30,100,0.5,0.002,3.0,True,0.5840508535561499
20,40,125,0.7,0.002,2.2,False,0.5840597380187167
20,30,125,0.8,0.0005,3.0,True,0.5840638799973261
25,40,125,0.5,0.002,3.0,True,0.584072872264706
20,30,125,0.8,0.001,3.0,True,0.5840901542331549
25,30,100,0.5,0.0005,2.2,False,0.5840981861850267
20,40,125,0.5,0.002,1.5,False,0.5841135954582887
25,30,100,0.5,0.001,2.2,False,0.5841301651508023
20,30,125,0.8,0.002,3.0,True,0.5841418042122993
25,30,125,0.8,0.002,2.2,False,0.5841459496502674
25,30,100,0.5,0.002,2.2,False,0.5841969423406417
25,30,125,0.7,0.0005,3.0,True,0.5842482275871657
25,30,125,0.7,0.001,3.0,True,0.584273012732086
30,30,125,0.7,0.0005,2.2,False,0.5842859686657752
25,30,125,0.7,0.002,3.0,True,0.5843217095807488
25,40,125,0.8,0.0005,3.0,False,0.5843243248930482
30,30,125,0.7,0.001,2.2,False,0.5843441129839573
25,40,125,0.8,0.001,3.0,False,0.5843765452844922
20,50,125,0.5,0.0005,2.2,False,0.5844214187470584
20,40,125,0.5,0.0005,3.0,True,0.5844214547481283
20,40,125,0.5,0.001,3.0,True,0.5844409070032086
30,30,125,0.5,0.002,1.5,True,0.5844477118711231
20,30,100,0.7,0.0005,3.0,False,0.5844488905267374
30,30,125,0.5,0.001,1.5,True,0.5844491054208559
30,30,125,0.5,0.0005,1.5,True,0.5844581886508019
30,30,125,0.7,0.002,2.2,False,0.5844587208112296
20,50,125,0.5,0.001,2.2,False,0.5844772349385028
30,40,125,0.7,0.0005,3.0,False,0.584477872595722
25,40,125,0.8,0.002,3.0,False,0.5844795516256684
20,40,125,0.5,0.002,3.0,True,0.5844805155235291
20,30,100,0.7,0.001,3.0,False,0.5844870574058822
30,40,125,0.7,0.001,3.0,False,0.5845284358256685
20,30,100,0.7,0.002,3.0,False,0.5845608927823527
30,40,125,0.5,0.0005,2.2,False,0.5845711308176472
20,50,125,0.5,0.002,2.2,False,0.5845874044545457
20,50,125,0.7,0.0005,3.0,False,0.5845877439860965
25,30,125,0.5,0.001,1.5,True,0.5846039369989308
20,40,100,0.5,0.0005,3.0,False,0.5846055107598929
25,30,125,0.5,0.0005,1.5,True,0.5846061960732621
25,30,125,0.5,0.002,1.5,True,0.5846142482117648
30,40,125,0.5,0.001,2.2,False,0.5846188363208559
30,40,125,0.7,0.002,3.0,False,0.5846259485802137
20,50,125,0.7,0.001,3.0,False,0.5846406601657758
20,40,100,0.5,0.001,3.0,False,0.5846419105609625
30,30,125,0.5,0.0005,2.2,True,0.5846605036037431
30,30,125,0.5,0.001,2.2,True,0.5846801532347593
20,30,100,0.5,0.0005,2.2,False,0.5846815127754014
20,30,125,0.8,0.0005,2.2,False,0.5847105254144386
30,40,125,0.5,0.002,2.2,False,0.5847123640759362
20,30,100,0.5,0.001,2.2,False,0.5847136184914434
20,40,100,0.5,0.002,3.0,False,0.5847142422368988
30,30,125,0.5,0.002,2.2,True,0.5847190243491981
20,30,125,0.7,0.0005,3.0,True,0.5847423373278073
20,50,125,0.7,0.002,3.0,False,0.5847452586893047
20,30,125,0.7,0.001,3.0,True,0.5847651285331551
20,30,125,0.8,0.001,2.2,False,0.5847682005465239
20,30,100,0.5,0.002,2.2,False,0.5847783801818178
20,30,125,0.7,0.002,3.0,True,0.5848115501481284
20,30,125,0.5,0.0005,1.5,True,0.584843000809091
20,30,125,0.5,0.001,1.5,True,0.5848458378010698
20,30,125,0.5,0.002,1.5,True,0.5848650637096255
30,30,125,0.5,0.0005,1.5,False,0.5848693983898395
25,30,125,0.7,0.0005,2.2,False,0.5848811802764704
20,30,125,0.8,0.002,2.2,False,0.5848846996705879
30,30,125,0.5,0.001,1.5,False,0.5849083776203207
25,30,125,0.7,0.001,2.2,False,0.5849399844032084
25,30,125,0.5,0.0005,2.2,True,0.584958359718182
30,50,125,0.5,0.0005,3.0,False,0.5849693913946523
25,30,125,0.5,0.001,2.2,True,0.5849780855695187
30,30,125,0.5,0.002,1.5,False,0.5849962841812838
30,50,125,0.5,0.001,3.0,False,0.5850170866705882
25,30,125,0.5,0.002,2.2,True,0.5850178384304814
25,30,125,0.7,0.002,2.2,False,0.5850541696085563
30,30,100,0.5,0.0005,3.0,False,0.5850703345272724
25,40,125,0.5,0.0005,2.2,False,0.5850991620074867
30,30,100,0.5,0.001,3.0,False,0.5851028383032086
20,40,125,0.8,0.0005,3.0,False,0.5851099048278077
30,50,125,0.5,0.002,3.0,False,0.585111356771658
25,40,125,0.7,0.0005,3.0,False,0.5851385032304813
25,40,125,0.5,0.001,2.2,False,0.5851480259417113
20,40,125,0.8,0.001,3.0,False,0.5851601237122993
30,30,100,0.5,0.002,3.0,False,0.585165498175401
25,40,125,0.7,0.001,3.0,False,0.5851873860026741
25,30,125,0.5,0.0005,1.5,False,0.5852259380673799
25,40,125,0.5,0.002,2.2,False,0.5852433280187168
20,40,125,0.8,0.002,3.0,False,0.5852578363534763
25,30,125,0.5,0.001,1.5,False,0.5852700892481284
25,40,125,0.7,0.002,3.0,False,0.5852824108529415
20,30,125,0.5,0.0005,2.2,True,0.5853228336935828
30,30,125,0.8,0.0005,3.0,False,0.5853306321620325
20,30,125,0.5,0.001,2.2,True,0.5853420858155085
25,30,125,0.5,0.002,1.5,False,0.5853668055149733
30,30,125,0.8,0.001,3.0,False,0.5853800406919788
20,30,125,0.5,0.002,2.2,True,0.5853803892636366
30,30,125,0.5,0.0005,3.0,True,0.585403546279679
30,30,125,0.5,0.001,3.0,True,0.585422522049198
30,30,125,0.5,0.002,3.0,True,0.5854584721989308
30,30,125,0.8,0.002,3.0,False,0.5854761180304813
25,50,125,0.5,0.0005,3.0,False,0.5855435138631016
20,30,125,0.7,0.0005,2.2,False,0.5855803893989304
25,50,125,0.5,0.001,3.0,False,0.5855915731411765
20,30,125,0.7,0.001,2.2,False,0.5856361070844918
25,30,100,0.5,0.0005,3.0,False,0.5856447271080215
25,30,100,0.5,0.001,3.0,False,0.585675423664706
25,50,125,0.5,0.002,3.0,False,0.5856850641213903
20,30,125,0.5,0.0005,1.5,False,0.585700029417112
20,40,125,0.5,0.0005,2.2,False,0.5857156842326203
25,30,100,0.5,0.002,3.0,False,0.5857380508823532
20,30,125,0.7,0.002,2.2,False,0.5857448575352939
20,30,125,0.5,0.001,1.5,False,0.5857470009101601
25,30,125,0.5,0.0005,3.0,True,0.5857561353224595
20,40,125,0.5,0.001,2.2,False,0.5857643747229946
25,30,125,0.5,0.001,3.0,True,0.5857741334278074
25,30,125,0.5,0.002,3.0,True,0.58580968805508
20,30,125,0.5,0.002,1.5,False,0.5858480106743317
20,40,125,0.5,0.002,2.2,False,0.5858599568561492
20,40,125,0.7,0.0005,3.0,False,0.5858760654566847
20,40,125,0.7,0.001,3.0,False,0.5859233498823531
20,40,125,0.7,0.002,3.0,False,0.5860146588893049
25,30,125,0.8,0.0005,3.0,False,0.5860242768406418
25,30,125,0.8,0.001,3.0,False,0.5860712982144385
20,30,125,0.5,0.0005,3.0,True,0.5861582314229945
25,30,125,0.8,0.002,3.0,False,0.5861633233882356
20,30,125,0.5,0.001,3.0,True,0.5861750992818179
20,50,125,0.5,0.0005,3.0,False,0.5861818054871657
30,30,125,0.7,0.0005,3.0,False,0.5861918357513375
20,30,125,0.5,0.002,3.0,True,0.5862084318122995
20,50,125,0.5,0.001,3.0,False,0.5862264758101603
30,30,125,0.7,0.001,3.0,False,0.5862375758609629
30,40,125,0.5,0.0005,3.0,False,0.5862819485021388
20,30,100,0.5,0.0005,3.0,False,0.5863006948898396
30,30,125,0.5,0.0005,2.2,False,0.5863040160534759
20,50,125,0.5,0.002,3.0,False,0.5863161117951874
30,40,125,0.5,0.001,3.0,False,0.5863233849144389
30,30,125,0.7,0.002,3.0,False,0.5863271967171124
20,30,100,0.5,0.001,3.0,False,0.5863318342802137
30,30,125,0.5,0.001,2.2,False,0.5863545526433154
20,30,100,0.5,0.002,3.0,False,0.5863917839786098
30,40,125,0.5,0.002,3.0,False,0.5864044012454542
30,30,125,0.5,0.002,2.2,False,0.5864517719213904
20,30,125,0.8,0.0005,3.0,False,0.5868013405566844
25,30,125,0.5,0.0005,2.2,False,0.5868201409026739
25,30,125,0.7,0.0005,3.0,False,0.5868446396262033
20,30,125,0.8,0.001,3.0,False,0.5868456955331556
25,40,125,0.5,0.0005,3.0,False,0.5868488662106954
25,30,125,0.5,0.001,2.2,False,0.5868684436802142
25,30,125,0.7,0.001,3.0,False,0.5868875420016042
25,40,125,0.5,0.001,3.0,False,0.5868903449871661
20,30,125,0.8,0.002,3.0,False,0.5869327650764704
25,30,125,0.5,0.002,2.2,False,0.5869636409994654
25,40,125,0.5,0.002,3.0,False,0.5869693002288773
25,30,125,0.7,0.002,3.0,False,0.5869734813005347
20,30,125,0.5,0.0005,2.2,False,0.5874230440748663
20,30,125,0.5,0.001,2.2,False,0.5874682699021386
20,40,125,0.5,0.0005,3.0,False,0.5874794724818184
20,40,125,0.5,0.001,3.0,False,0.5875190518898398
20,30,125,0.5,0.002,2.2,False,0.587557831552941
20,30,125,0.7,0.0005,3.0,False,0.5875737894572195
20,40,125,0.5,0.002,3.0,False,0.587595379982888
20,30,125,0.7,0.001,3.0,False,0.5876137631438502
20,30,125,0.7,0.002,3.0,False,0.5876952486122996
30,30,125,0.5,0.0005,3.0,False,0.5880060707598929
30,30,125,0.5,0.001,3.0,False,0.5880432981973264
30,30,125,0.5,0.002,3.0,False,0.5881163942385026
25,30,125,0.5,0.0005,3.0,False,0.5885654728171122
25,30,125,0.5,0.001,3.0,False,0.5886006742893048
25,30,125,0.5,0.002,3.0,False,0.5886699354770054
20,30,125,0.5,0.0005,3.0,False,0.5891877732951871
20,30,125,0.5,0.001,3.0,False,0.5892209473839574
20,30,125,0.5,0.002,3.0,False,0.5892869210946523
